0,2225
0.01,2224
0.02,2223
0.03,2222
0.04,2221
0.05,2220
0.06,2219
0.07,2218
0.08,2217
0.09,2216
0.1,2215
0.11,2214
0.12,2213
0.13,2212
0.14,2211
0.15,2210
0.16,2209
0.17,2208
0.18,2207
0.19,2206
0.2,2205
0.21,2204
0.22,2203
0.23,2202
0.24,2201
0.25,2200
0.26,2199
0.27,2198
0.28,2197
0.29,2196
0.3,2195
0.31,2194
0.32,2193
0.33,2192
0.34,2191
0.35,2190
0.36,2189
0.37,2188
0.38,2187
0.39,2186
0.4,2185
0.41,2184
0.42,2183
0.43,2182
0.44,2181
0.45,2180
0.46,2179
0.47,2178
0.48,2177
0.49,2176
0.5,2175
0.51,2174
0.52,2173
0.53,2172
0.54,2171
0.55,2170
0.56,2169
0.57,2168
0.58,2167
0.59,2166
0.6,2165
0.61,2164
0.62,2163
0.63,2162
0.64,2161
0.65,2160
0.66,2159
0.67,2158
0.68,2157
0.69,2156
0.7,2155
0.71,2154
0.72,2153
0.73,2152
0.74,2151
0.75,2150
0.76,2149
0.77,2148
0.78,2147
0.79,2146
0.8,2145
0.81,2144
0.82,2143
0.83,2142
0.839999,2141
0.849999,2140
0.859999,2139
0.869999,2138
0.879999,2137
0.889999,2136
0.899999,2135
0.909999,2134
0.919999,2133
0.929999,2132
0.939999,2131
0.949999,2130
0.959999,2129
0.969999,2128
0.979999,2127
0.989999,2126
0.999999,2125
1.01,2124
1.02,2123
1.03,2122
1.04,2121
1.05,2120
1.06,2119
1.07,2118
1.08,2117
1.09,2116
1.1,2115
1.11,2114
1.12,2113
1.13,2112
1.14,2111
1.15,2110
1.16,2109
1.17,2108
1.18,2107
1.19,2106
1.2,2105
1.21,2104
1.22,2103
1.23,2102
1.24,2101
1.25,2100
1.26,2099
1.27,2098
1.28,2097
1.29,2096
1.3,2095
1.31,2094
1.32,2093
1.33,2092
1.34,2091
1.35,2090
1.36,2089
1.37,2088
1.38,2087
1.39,2086
1.4,2085
1.41,2084
1.42,2083
1.43,2082
1.44,2081
1.45,2080
1.46,2079
1.47,2078
1.48,2077
1.49,2076
1.5,2075
1.51,2074
1.52,2073
1.53,2072
1.54,2071
1.55,2070
1.56,2069
1.57,2068
1.58,2067
1.59,2066
1.6,2065
1.61,2064
1.62,2063
1.63,2062
1.64,2061
1.65,2060
1.66,2059
1.67,2058
1.68,2057
1.69,2056
1.7,2055
1.71,2054
1.72,2053
1.73,2052
1.74,2051
1.75,2050
1.76,2049
1.77,2048
1.78,2047
1.79,2046
1.8,2045
1.81,2044
1.82,2043
1.83,2042
1.84,2041
1.85,2040
1.86,2039
1.87,2038
1.88,2037
1.89,2036
1.9,2035
1.91,2034
1.92,2033
1.93,2032
1.94,2031
1.95,2030
1.96,2029
1.97,2028
1.98,2027
1.99,2026
2,2025
2.01,2024
2.02,2023
2.03,2022
2.04,2021
2.05,2020
2.06,2019
2.07,2018
2.08,2017
2.09,2016
2.1,2015
2.11,2014
2.12,2013
2.13,2012
2.14,2011
2.15,2010
2.16,2009
2.17,2008
2.18,2007
2.19,2006
2.2,2005
2.21,2004
2.22,2003
2.23,2002
2.24,2001
2.25,2000
2.26,1999
2.27,1998
2.28,1997
2.29,1996
2.3,1995
2.31,1994
2.32,1993
2.33,1992
2.34,1991
2.35,1990
2.36,1989
2.37,1988
2.38,1987
2.39,1986
2.4,1985
2.41,1984
2.42,1983
2.43,1982
2.44,1981
2.45,1980
2.46,1979
2.47,1978
2.48,1977
2.49,1976
2.5,1975
2.51,1974
2.52,1973
2.53,1972
2.54,1971
2.55,1970
2.56,1969
2.57,1968
2.58,1967
2.59,1966
2.6,1965
2.61,1964
2.62,1963
2.63,1962
2.64,1961
2.65,1960
2.66,1959
2.67,1958
2.68,1957
2.69,1956
2.7,1955
2.71,1954
2.72,1953
2.73,1952
2.74,1951
2.75,1950
2.76,1949
2.77,1948
2.78,1947
2.79,1946
2.8,1945
2.81,1944
2.82,1943
2.83,1942
2.84,1941
2.85,1940
2.86,1939
2.87,1938
2.88,1937
2.89,1936
2.9,1935
2.91,1934
2.92,1933
2.93,1932
2.94,1931
2.95,1930
2.96,1929
2.97,1928
2.98,1927
2.99,1926
3,1925
3.01,1924
3.02,1923
3.03,1922
3.04,1921
3.05,1920
3.06,1919
3.07,1918
3.08,1917
3.09,1916
3.1,1915
3.11,1914
3.12,1913
3.13,1912
3.14,1911
3.15,1910
3.16,1909
3.17,1908
3.18,1907
3.19,1906
3.2,1905
3.21,1904
3.22,1903
3.23,1902
3.24,1901
3.25,1900
3.26,1899
3.27,1898
3.28,1897
3.29,1896
3.3,1895
3.31,1894
3.32,1893
3.33,1892
3.34,1891
3.35,1890
3.36,1889
3.37,1888
3.38,1887
3.39,1886
3.4,1885
3.41,1884
3.42,1883
3.43,1882
3.44,1881
3.45,1880
3.46,1879
3.47,1878
3.48,1877
3.49,1876
3.5,1875
3.51,1874
3.52,1873
3.53,1872
3.54,1871
3.55,1870
3.56,1869
3.57,1868
3.58,1867
3.59,1866
3.6,1865
3.61,1864
3.62,1863
3.63,1862
3.64,1861
3.65,1860
3.66,1859
3.67,1858
3.68,1857
3.69,1856
3.7,1855
3.71,1854
3.72,1853
3.73,1852
3.74,1851
3.75,1850
3.76,1849
3.77,1848
3.78,1847
3.79,1846
3.8,1845
3.81,1844
3.82,1843
3.83,1842
3.84,1841
3.85,1840
3.86,1839
3.87,1838
3.88,1837
3.89,1836
3.9,1835
3.91,1834
3.92,1833
3.93,1832
3.94,1831
3.95,1830
3.96,1829
3.97,1828
3.98,1827
3.99,1826
4,1825
4.01,1824
4.02,1823
4.03,1822
4.04,1821
4.05,1820
4.06,1819
4.07,1818
4.08,1817
4.09,1816
4.1,1815
4.11,1814
4.12,1813
4.13,1812
4.14,1811
4.15,1810
4.16,1809
4.17,1808
4.18,1807
4.19,1806
4.2,1805
4.21,1804
4.22,1803
4.23,1802
4.24,1801
4.25,1800
4.26,1799
4.27,1798
4.28,1797
4.29,1796
4.3,1795
4.31,1794
4.32,1793
4.33,1792
4.34,1791
4.35,1790
4.36,1789
4.37001,1788
4.38001,1787
4.39001,1786
4.40001,1785
4.41001,1784
4.42001,1783
4.43001,1782
4.44001,1781
4.45001,1780
4.46001,1779
4.47001,1778
4.48001,1777
4.49001,1776
4.50001,1775
4.51001,1774
4.52001,1773
4.53001,1772
4.54001,1771
4.55001,1770
4.56001,1769
4.57001,1768
4.58001,1767
4.59001,1766
4.60001,1765
4.61001,1764
4.62001,1763
4.63001,1762
4.64001,1761
4.65001,1760
4.66001,1759
4.67001,1758
4.68001,1757
4.69001,1756
4.70001,1755
4.71001,1754
4.72001,1753
4.73001,1752
4.74001,1751
4.75001,1750
4.76001,1749
4.77001,1748
4.78001,1747
4.79001,1746
4.80001,1745
4.81002,1744
4.82002,1743
4.83002,1742
4.84002,1741
4.85002,1740
4.86002,1739
4.87002,1738
4.88002,1737
4.89002,1736
4.90002,1735
4.91002,1734
4.92002,1733
4.93002,1732
4.94002,1731
4.95002,1730
4.96002,1729
4.97002,1728
4.98002,1727
4.99002,1726
5.00002,1725
5.01002,1724
5.02002,1723
5.03002,1722
5.04002,1721
5.05002,1720
5.06002,1719
5.07002,1718
5.08002,1717
5.09002,1716
5.10002,1715
5.11002,1714
5.12002,1713
5.13002,1712
5.14002,1711
5.15002,1710
5.16002,1709
5.17002,1708
5.18002,1707
5.19002,1706
5.20002,1705
5.21002,1704
5.22002,1703
5.23002,1702
5.24003,1701
5.25003,1700
5.26003,1699
5.27003,1698
5.28003,1697
5.29003,1696
5.30003,1695
5.31003,1694
5.32003,1693
5.33003,1692
5.34003,1691
5.35003,1690
5.36003,1689
5.37003,1688
5.38003,1687
5.39003,1686
5.40003,1685
5.41003,1684
5.42003,1683
5.43003,1682
5.44003,1681
5.45003,1680
5.46003,1679
5.47003,1678
5.48003,1677
5.49003,1676
5.50003,1675
5.51003,1674
5.52003,1673
5.53003,1672
5.54003,1671
5.55003,1670
5.56003,1669
5.57003,1668
5.58003,1667
5.59003,1666
5.60003,1665
5.61003,1664
5.62003,1663
5.63003,1662
5.64003,1661
5.65003,1660
5.66003,1659
5.67003,1658
5.68004,1657
5.69004,1656
5.70004,1655
5.71004,1654
5.72004,1653
5.73004,1652
5.74004,1651
5.75004,1650
5.76004,1649
5.77004,1648
5.78004,1647
5.79004,1646
5.80004,1645
5.81004,1644
5.82004,1643
5.83004,1642
5.84004,1641
5.85004,1640
5.86004,1639
5.87004,1638
5.88004,1637
5.89004,1636
5.90004,1635
5.91004,1634
5.92004,1633
5.93004,1632
5.94004,1631
5.95004,1630
5.96004,1629
5.97004,1628
5.98004,1627
5.99004,1626
6.00004,1625
6.01004,1624
6.02004,1623
6.03004,1622
6.04004,1621
6.05004,1620
6.06004,1619
6.07004,1618
6.08004,1617
6.09004,1616
6.10004,1615
6.11004,1614
6.12005,1613
6.13005,1612
6.14005,1611
6.15005,1610
6.16005,1609
6.17005,1608
6.18005,1607
6.19005,1606
6.20005,1605
6.21005,1604
6.22005,1603
6.23005,1602
6.24005,1601
6.25005,1600
6.26005,1599
6.27005,1598
6.28005,1597
6.29005,1596
6.30005,1595
6.31005,1594
6.32005,1593
6.33005,1592
6.34005,1590.99
6.35005,1589.99
6.36005,1588.99
6.37005,1587.99
6.38005,1586.99
6.39005,1585.99
6.40005,1584.99
6.41005,1583.99
6.42005,1582.99
6.43005,1581.99
6.44005,1580.99
6.45005,1579.99
6.46005,1578.99
6.47005,1577.99
6.48005,1576.99
6.49005,1575.99
6.50005,1574.99
6.51005,1573.99
6.52005,1572.99
6.53005,1571.99
6.54005,1570.99
6.55006,1569.99
6.56006,1568.99
6.57006,1567.99
6.58006,1566.99
6.59006,1565.99
6.60006,1564.99
6.61006,1563.99
6.62006,1562.99
6.63006,1561.99
6.64006,1560.99
6.65006,1559.99
6.66006,1558.99
6.67006,1557.99
6.68006,1556.99
6.69006,1555.99
6.70006,1554.99
6.71006,1553.99
6.72006,1552.99
6.73006,1551.99
6.74006,1550.99
6.75006,1549.99
6.76006,1548.99
6.77006,1547.99
6.78006,1546.99
6.79006,1545.99
6.80006,1544.99
6.81006,1543.99
6.82006,1542.99
6.83006,1541.99
6.84006,1540.99
6.85006,1539.99
6.86006,1538.99
6.87006,1537.99
6.88006,1536.99
6.89006,1535.99
6.90006,1534.99
6.91006,1533.99
6.92006,1532.99
6.93006,1531.99
6.94006,1530.99
6.95006,1529.99
6.96006,1528.99
6.97006,1527.99
6.98006,1526.99
6.99007,1525.99
7.00007,1524.99
7.01007,1523.99
7.02007,1522.99
7.03007,1521.99
7.04007,1520.99
7.05007,1519.99
7.06007,1518.99
7.07007,1517.99
7.08007,1516.99
7.09007,1515.99
7.10007,1514.99
7.11007,1513.99
7.12007,1512.99
7.13007,1511.99
7.14007,1510.99
7.15007,1509.99
7.16007,1508.99
7.17007,1507.99
7.18007,1506.99
7.19007,1505.99
7.20007,1504.99
7.21007,1503.99
7.22007,1502.99
7.23007,1501.99
7.24007,1500.99
7.25007,1499.99
7.26007,1498.99
7.27007,1497.99
7.28007,1496.99
7.29007,1495.99
7.30007,1494.99
7.31007,1493.99
7.32007,1492.99
7.33007,1491.99
7.34007,1490.99
7.35007,1489.99
7.36007,1488.99
7.37007,1487.99
7.38007,1486.99
7.39007,1485.99
7.40007,1484.99
7.41007,1483.99
7.42007,1482.99
7.43008,1481.99
7.44008,1480.99
7.45008,1479.99
7.46008,1478.99
7.47008,1477.99
7.48008,1476.99
7.49008,1475.99
7.50008,1474.99
7.51008,1473.99
7.52008,1472.99
7.53008,1471.99
7.54008,1470.99
7.55008,1469.99
7.56008,1468.99
7.57008,1467.99
7.58008,1466.99
7.59008,1465.99
7.60008,1464.99
7.61008,1463.99
7.62008,1462.99
7.63008,1461.99
7.64008,1460.99
7.65008,1459.99
7.66008,1458.99
7.67008,1457.99
7.68008,1456.99
7.69008,1455.99
7.70008,1454.99
7.71008,1453.99
7.72008,1452.99
7.73008,1451.99
7.74008,1450.99
7.75008,1449.99
7.76008,1448.99
7.77008,1447.99
7.78008,1446.99
7.79008,1445.99
7.80008,1444.99
7.81008,1443.99
7.82008,1442.99
7.83008,1441.99
7.84008,1440.99
7.85008,1439.99
7.86009,1438.99
7.87009,1437.99
7.88009,1436.99
7.89009,1435.99
7.90009,1434.99
7.91009,1433.99
7.92009,1432.99
7.93009,1431.99
7.94009,1430.99
7.95009,1429.99
7.96009,1428.99
7.97009,1427.99
7.98009,1426.99
7.99009,1425.99
8.00009,1424.99
8.01009,1423.99
8.02009,1422.99
8.03009,1421.99
8.04009,1420.99
8.05009,1419.99
8.06009,1418.99
8.07009,1417.99
8.08009,1416.99
8.09009,1415.99
8.10009,1414.99
8.11009,1413.99
8.12009,1412.99
8.13009,1411.99
8.14009,1410.99
8.15009,1409.99
8.16009,1408.99
8.17009,1407.99
8.18009,1406.99
8.19009,1405.99
8.20009,1404.99
8.21009,1403.99
8.22009,1402.99
8.23009,1401.99
8.24009,1400.99
8.25009,1399.99
8.26009,1398.99
8.27009,1397.99
8.28009,1396.99
8.29009,1395.99
8.30009,1394.99
8.31009,1393.99
8.3201,1392.99
8.3301,1391.99
8.3401,1390.99
8.3501,1389.99
8.3601,1388.99
8.3701,1387.99
8.3801,1386.99
8.3901,1385.99
8.4001,1384.99
8.4101,1383.99
8.4201,1382.99
8.4301,1381.99
8.4401,1380.99
8.4501,1379.99
8.4601,1378.99
8.4701,1377.99
8.4801,1376.99
8.4901,1375.99
8.5001,1374.99
8.5101,1373.99
8.5201,1372.99
8.5301,1371.99
8.5401,1370.99
8.5501,1369.99
8.5601,1368.99
8.5701,1367.99
8.5801,1366.99
8.5901,1365.99
8.6001,1364.99
8.6101,1363.99
8.6201,1362.99
8.6301,1361.99
8.6401,1360.99
8.6501,1359.99
8.6601,1358.99
8.6701,1357.99
8.6801,1356.99
8.6901,1355.99
8.7001,1354.99
8.7101,1353.99
8.7201,1352.99
8.7301,1351.99
8.7401,1350.99
8.7501,1349.99
8.76011,1348.99
8.77011,1347.99
8.78011,1346.99
8.79011,1345.99
8.80011,1344.99
8.81011,1343.99
8.82011,1342.99
8.83011,1341.99
8.84011,1340.99
8.85011,1339.99
8.86011,1338.99
8.87011,1337.99
8.88011,1336.99
8.89011,1335.99
8.90011,1334.99
8.91011,1333.99
8.92011,1332.99
8.93011,1331.99
8.94011,1330.99
8.95011,1329.99
8.96011,1328.99
8.97011,1327.99
8.98011,1326.99
8.99011,1325.99
9.00011,1324.99
9.01011,1323.99
9.02011,1322.99
9.03011,1321.99
9.04011,1320.99
9.05011,1319.99
9.06011,1318.99
9.07011,1317.99
9.08011,1316.99
9.09011,1315.99
9.10011,1314.99
9.11011,1313.99
9.12011,1312.99
9.13011,1311.99
9.14011,1310.99
9.15011,1309.99
9.16011,1308.99
9.17011,1307.99
9.18011,1306.99
9.19011,1305.99
9.20012,1304.99
9.21012,1303.99
9.22012,1302.99
9.23012,1301.99
9.24012,1300.99
9.25012,1299.99
9.26012,1298.99
9.27012,1297.99
9.28012,1296.99
9.29012,1295.99
9.30012,1294.99
9.31012,1293.99
9.32012,1292.99
9.33012,1291.99
9.34012,1290.99
9.35012,1289.99
9.36012,1288.99
9.37012,1287.99
9.38012,1286.99
9.39012,1285.99
9.40012,1284.99
9.41012,1283.99
9.42012,1282.99
9.43012,1281.99
9.44012,1280.99
9.45012,1279.99
9.46012,1278.99
9.47012,1277.99
9.48012,1276.99
9.49012,1275.99
9.50012,1274.99
9.51012,1273.99
9.52012,1272.99
9.53012,1271.99
9.54012,1270.99
9.55012,1269.99
9.56012,1268.99
9.57012,1267.99
9.58012,1266.99
9.59012,1265.99
9.60012,1264.99
9.61012,1263.99
9.62012,1262.99
9.63013,1261.99
9.64013,1260.99
9.65013,1259.99
9.66013,1258.99
9.67013,1257.99
9.68013,1256.99
9.69013,1255.99
9.70013,1254.99
9.71013,1253.99
9.72013,1252.99
9.73013,1251.99
9.74013,1250.99
9.75013,1249.99
9.76013,1248.99
9.77013,1247.99
9.78013,1246.99
9.79013,1245.99
9.80013,1244.99
9.81013,1243.99
9.82013,1242.99
9.83013,1241.99
9.84013,1240.99
9.85013,1239.99
9.86013,1238.99
9.87013,1237.99
9.88013,1236.99
9.89013,1235.99
9.90013,1234.99
9.91013,1233.99
9.92013,1232.99
9.93013,1231.99
9.94013,1230.99
9.95013,1229.99
9.96013,1228.99
9.97013,1227.99
9.98013,1226.99
9.99013,1225.99
10.0001,1224.99
10.0101,1223.99
10.0201,1222.99
10.0301,1221.99
10.0401,1220.99
10.0501,1219.99
10.0601,1218.99
10.0701,1217.99
10.0801,1216.99
10.0901,1215.99
10.1001,1214.99
10.1101,1213.99
10.1201,1212.99
10.1301,1211.99
10.1401,1210.99
10.1501,1209.99
10.1601,1208.99
10.1701,1207.99
10.1801,1206.99
10.1901,1205.99
10.2001,1204.99
10.2101,1203.99
10.2201,1202.99
10.2301,1201.99
10.2401,1200.99
10.2501,1199.99
10.2601,1198.99
10.2701,1197.99
10.2801,1196.99
10.2901,1195.99
10.3001,1194.99
10.3101,1193.99
10.3201,1192.99
10.3301,1191.99
10.3401,1190.99
10.3501,1189.99
10.3601,1188.99
10.3701,1187.99
10.3801,1186.99
10.3901,1185.99
10.4001,1184.99
10.4101,1183.99
10.4201,1182.99
10.4301,1181.99
10.4401,1180.99
10.4501,1179.99
10.4601,1178.99
10.4701,1177.99
10.4801,1176.99
10.4901,1175.99
10.5001,1174.99
10.5101,1173.99
10.5201,1172.99
10.5301,1171.99
10.5401,1170.99
10.5501,1169.99
10.5601,1168.99
10.5701,1167.99
10.5801,1166.99
10.5901,1165.99
10.6001,1164.99
10.6101,1163.99
10.6201,1162.99
10.6301,1161.99
10.6401,1160.99
10.6501,1159.99
10.6601,1158.99
10.6701,1157.99
10.6801,1156.99
10.6901,1155.99
10.7001,1154.99
10.7101,1153.99
10.7201,1152.99
10.7302,1151.98
10.7402,1150.98
10.7502,1149.98
10.7602,1148.98
10.7702,1147.98
10.7802,1146.98
10.7902,1145.98
10.8002,1144.98
10.8102,1143.98
10.8202,1142.98
10.8302,1141.98
10.8402,1140.98
10.8502,1139.98
10.8602,1138.98
10.8702,1137.98
10.8802,1136.98
10.8902,1135.98
10.9002,1134.98
10.9102,1133.98
10.9202,1132.98
10.9302,1131.98
10.9402,1130.98
10.9502,1129.98
10.9602,1128.98
10.9702,1127.98
10.9802,1126.98
10.9902,1125.98
11.0002,1124.98
11.0102,1123.98
11.0202,1122.98
11.0302,1121.98
11.0402,1120.98
11.0502,1119.98
11.0602,1118.98
11.0702,1117.98
11.0802,1116.98
11.0902,1115.98
11.1002,1114.98
11.1102,1113.98
11.1202,1112.98
11.1302,1111.98
11.1402,1110.98
11.1502,1109.98
11.1602,1108.98
11.1702,1107.98
11.1802,1106.98
11.1902,1105.98
11.2002,1104.98
11.2102,1103.98
11.2202,1102.98
11.2302,1101.98
11.2402,1100.98
11.2502,1099.98
11.2602,1098.98
11.2702,1097.98
11.2802,1096.98
11.2902,1095.98
11.3002,1094.98
11.3102,1093.98
11.3202,1092.98
11.3302,1091.98
11.3402,1090.98
11.3502,1089.98
11.3602,1088.98
11.3702,1087.98
11.3802,1086.98
11.3902,1085.98
11.4002,1084.98
11.4102,1083.98
11.4202,1082.98
11.4302,1081.98
11.4402,1080.98
11.4502,1079.98
11.4602,1078.98
11.4702,1077.98
11.4802,1076.98
11.4902,1075.98
11.5002,1074.98
11.5102,1073.98
11.5202,1072.98
11.5302,1071.98
11.5402,1070.98
11.5502,1069.98
11.5602,1068.98
11.5702,1067.98
11.5802,1066.98
11.5902,1065.98
11.6002,1064.98
11.6102,1063.98
11.6202,1062.98
11.6302,1061.98
11.6402,1060.98
11.6502,1059.98
11.6602,1058.98
11.6702,1057.98
11.6802,1056.98
11.6902,1055.98
11.7002,1054.98
11.7102,1053.98
11.7202,1052.98
11.7302,1051.98
11.7402,1050.98
11.7502,1049.98
11.7602,1048.98
11.7702,1047.98
11.7802,1046.98
11.7902,1045.98
11.8002,1044.98
11.8102,1043.98
11.8202,1042.98
11.8302,1041.98
11.8402,1040.98
11.8502,1039.98
11.8602,1038.98
11.8702,1037.98
11.8802,1036.98
11.8902,1035.98
11.9002,1034.98
11.9102,1033.98
11.9202,1032.98
11.9302,1031.98
11.9402,1030.98
11.9502,1029.98
11.9602,1028.98
11.9702,1027.98
11.9802,1026.98
11.9902,1025.98
12.0002,1024.98
12.0102,1023.98
12.0202,1022.98
12.0302,1021.98
12.0402,1020.98
12.0502,1019.98
12.0602,1018.98
12.0702,1017.98
12.0802,1016.98
12.0902,1015.98
12.1002,1014.98
12.1102,1013.98
12.1202,1012.98
12.1302,1011.98
12.1402,1010.98
12.1502,1009.98
12.1602,1008.98
12.1702,1007.98
12.1802,1006.98
12.1902,1005.98
12.2002,1004.98
12.2102,1003.98
12.2202,1002.98
12.2302,1001.98
12.2402,1000.98
12.2502,999.981
12.2602,998.981
12.2702,997.981
12.2802,996.981
12.2902,995.981
12.3002,994.981
12.3102,993.981
12.3202,992.981
12.3302,991.981
12.3402,990.981
12.3502,989.981
12.3602,988.981
12.3702,987.981
12.3802,986.981
12.3902,985.981
12.4002,984.981
12.4102,983.981
12.4202,982.981
12.4302,981.981
12.4402,980.981
12.4502,979.981
12.4602,978.981
12.4702,977.981
12.4802,976.981
12.4902,975.981
12.5002,974.981
12.5102,973.981
12.5202,972.981
12.5302,971.981
12.5402,970.981
12.5502,969.981
12.5602,968.981
12.5702,967.981
12.5802,966.981
12.5902,965.981
12.6002,964.981
12.6102,963.981
12.6202,962.981
12.6302,961.981
12.6402,960.981
12.6502,959.981
12.6602,958.981
12.6702,957.981
12.6802,956.981
12.6902,955.98
12.7002,954.98
12.7102,953.98
12.7202,952.98
12.7302,951.98
12.7402,950.98
12.7502,949.98
12.7602,948.98
12.7702,947.98
12.7802,946.98
12.7902,945.98
12.8002,944.98
12.8102,943.98
12.8202,942.98
12.8302,941.98
12.8402,940.98
12.8502,939.98
12.8602,938.98
12.8702,937.98
12.8802,936.98
12.8902,935.98
12.9002,934.98
12.9102,933.98
12.9202,932.98
12.9302,931.98
12.9402,930.98
12.9502,929.98
12.9602,928.98
12.9702,927.98
12.9802,926.98
12.9902,925.98
13.0002,924.98
13.0102,923.98
13.0202,922.98
13.0302,921.98
13.0402,920.98
13.0502,919.98
13.0602,918.98
13.0702,917.98
13.0802,916.98
13.0902,915.98
13.1002,914.98
13.1102,913.98
13.1202,912.98
13.1302,911.979
13.1402,910.979
13.1502,909.979
13.1602,908.979
13.1702,907.979
13.1802,906.979
13.1902,905.979
13.2002,904.979
13.2102,903.979
13.2202,902.979
13.2302,901.979
13.2402,900.979
13.2502,899.979
13.2602,898.979
13.2702,897.979
13.2802,896.979
13.2902,895.979
13.3002,894.979
13.3102,893.979
13.3202,892.979
13.3302,891.979
13.3402,890.979
13.3502,889.979
13.3602,888.979
13.3702,887.979
13.3802,886.979
13.3902,885.979
13.4002,884.979
13.4102,883.979
13.4202,882.979
13.4302,881.979
13.4402,880.979
13.4502,879.979
13.4602,878.979
13.4702,877.979
13.4802,876.979
13.4902,875.979
13.5002,874.979
13.5102,873.979
13.5202,872.979
13.5302,871.979
13.5402,870.979
13.5502,869.979
13.5602,868.979
13.5702,867.978
13.5802,866.978
13.5902,865.978
13.6002,864.978
13.6102,863.978
13.6202,862.978
13.6302,861.978
13.6402,860.978
13.6502,859.978
13.6602,858.978
13.6702,857.978
13.6802,856.978
13.6902,855.978
13.7002,854.978
13.7102,853.978
13.7202,852.978
13.7302,851.978
13.7402,850.978
13.7502,849.978
13.7602,848.978
13.7702,847.978
13.7802,846.978
13.7902,845.978
13.8002,844.978
13.8102,843.978
13.8202,842.978
13.8302,841.978
13.8402,840.978
13.8502,839.978
13.8602,838.978
13.8702,837.978
13.8802,836.978
13.8902,835.978
13.9002,834.978
13.9102,833.978
13.9202,832.978
13.9302,831.978
13.9402,830.978
13.9502,829.978
13.9602,828.978
13.9702,827.978
13.9802,826.978
13.9902,825.978
14.0002,824.977
14.0102,823.977
14.0202,822.977
14.0302,821.977
14.0402,820.977
14.0502,819.977
14.0602,818.977
14.0702,817.977
14.0802,816.977
14.0902,815.977
14.1002,814.977
14.1102,813.977
14.1202,812.977
14.1302,811.977
14.1402,810.977
14.1502,809.977
14.1602,808.977
14.1702,807.977
14.1802,806.977
14.1902,805.977
14.2002,804.977
14.2102,803.977
14.2202,802.977
14.2302,801.977
14.2402,800.977
14.2502,799.977
14.2602,798.977
14.2702,797.977
14.2802,796.977
14.2902,795.977
14.3002,794.977
14.3102,793.977
14.3202,792.977
14.3302,791.977
14.3402,790.977
14.3502,789.977
14.3602,788.977
14.3702,787.977
14.3802,786.977
14.3902,785.977
14.4002,784.977
14.4102,783.977
14.4202,782.977
14.4302,781.977
14.4402,780.976
14.4502,779.976
14.4602,778.976
14.4702,777.976
14.4802,776.976
14.4902,775.976
14.5002,774.976
14.5102,773.976
14.5202,772.976
14.5302,771.976
14.5402,770.976
14.5502,769.976
14.5602,768.976
14.5702,767.976
14.5802,766.976
14.5902,765.976
14.6002,764.976
14.6102,763.976
14.6202,762.976
14.6302,761.976
14.6402,760.976
14.6502,759.976
14.6602,758.976
14.6702,757.976
14.6802,756.976
14.6902,755.976
14.7002,754.976
14.7102,753.976
14.7202,752.976
14.7302,751.976
14.7402,750.976
14.7502,749.976
14.7602,748.976
14.7702,747.976
14.7802,746.976
14.7902,745.976
14.8002,744.976
14.8102,743.976
14.8202,742.976
14.8302,741.976
14.8402,740.976
14.8502,739.976
14.8602,738.976
14.8702,737.976
14.8802,736.975
14.8902,735.975
14.9002,734.975
14.9102,733.975
14.9202,732.975
14.9302,731.975
14.9402,730.975
14.9502,729.975
14.9602,728.975
14.9702,727.975
14.9802,726.975
14.9902,725.975
15.0002,724.975
15.0102,723.975
15.0202,722.975
15.0302,721.975
15.0402,720.975
15.0502,719.975
15.0602,718.975
15.0702,717.975
15.0802,716.975
15.0903,715.975
15.1003,714.975
15.1103,713.975
15.1203,712.975
15.1303,711.975
15.1403,710.975
15.1503,709.975
15.1603,708.975
15.1703,707.975
15.1803,706.975
15.1903,705.975
15.2003,704.975
15.2103,703.975
15.2203,702.975
15.2303,701.975
15.2403,700.975
15.2503,699.975
15.2603,698.975
15.2703,697.975
15.2803,696.975
15.2903,695.975
15.3003,694.975
15.3103,693.974
15.3203,692.974
15.3303,691.974
15.3403,690.974
15.3503,689.974
15.3603,688.974
15.3703,687.974
15.3803,686.974
15.3903,685.974
15.4003,684.974
15.4103,683.974
15.4203,682.974
15.4303,681.974
15.4403,680.974
15.4503,679.974
15.4603,678.974
15.4703,677.974
15.4803,676.974
15.4903,675.974
15.5003,674.974
15.5103,673.974
15.5203,672.974
15.5303,671.974
15.5403,670.974
15.5503,669.974
15.5603,668.974
15.5703,667.974
15.5803,666.974
15.5903,665.974
15.6003,664.974
15.6103,663.974
15.6203,662.974
15.6303,661.974
15.6403,660.974
15.6503,659.974
15.6603,658.974
15.6703,657.974
15.6803,656.974
15.6903,655.974
15.7003,654.974
15.7103,653.974
15.7203,652.974
15.7303,651.974
15.7403,650.974
15.7503,649.973
15.7603,648.973
15.7703,647.973
15.7803,646.973
15.7903,645.973
15.8003,644.973
15.8103,643.973
15.8203,642.973
15.8303,641.973
15.8403,640.973
15.8503,639.973
15.8603,638.973
15.8703,637.973
15.8803,636.973
15.8903,635.973
15.9003,634.973
15.9103,633.973
15.9203,632.973
15.9303,631.973
15.9403,630.973
15.9503,629.973
15.9603,628.973
15.9703,627.973
15.9803,626.973
15.9903,625.973
16.0003,624.973
16.0103,623.973
16.0203,622.973
16.0303,621.973
16.0403,620.973
16.0503,619.973
16.0603,618.973
16.0703,617.973
16.0803,616.973
16.0903,615.973
16.1003,614.973
16.1103,613.973
16.1203,612.973
16.1303,611.973
16.1403,610.973
16.1503,609.973
16.1603,608.973
16.1703,607.973
16.1803,606.973
16.1903,605.972
16.2003,604.972
16.2103,603.972
16.2203,602.972
16.2303,601.972
16.2403,600.972
16.2503,599.972
16.2603,598.972
16.2703,597.972
16.2803,596.972
16.2903,595.972
16.3003,594.972
16.3103,593.972
16.3203,592.972
16.3303,591.972
16.3403,590.972
16.3503,589.972
16.3603,588.972
16.3703,587.972
16.3803,586.972
16.3903,585.972
16.4003,584.972
16.4103,583.972
16.4203,582.972
16.4303,581.972
16.4403,580.972
16.4503,579.972
16.4603,578.972
16.4703,577.972
16.4803,576.972
16.4903,575.972
16.5003,574.972
16.5103,573.972
16.5203,572.972
16.5303,571.972
16.5403,570.972
16.5503,569.972
16.5603,568.972
16.5703,567.972
16.5803,566.972
16.5903,565.972
16.6003,564.972
16.6103,563.972
16.6203,562.971
16.6303,561.971
16.6403,560.971
16.6503,559.971
16.6603,558.971
16.6703,557.971
16.6803,556.971
16.6903,555.971
16.7003,554.971
16.7103,553.971
16.7203,552.971
16.7303,551.971
16.7403,550.971
16.7503,549.971
16.7603,548.971
16.7703,547.971
16.7803,546.971
16.7903,545.971
16.8003,544.971
16.8103,543.971
16.8203,542.971
16.8303,541.971
16.8403,540.971
16.8503,539.971
16.8603,538.971
16.8703,537.971
16.8803,536.971
16.8903,535.971
16.9003,534.971
16.9103,533.971
16.9203,532.971
16.9303,531.971
16.9403,530.971
16.9503,529.971
16.9603,528.971
16.9703,527.971
16.9803,526.971
16.9903,525.971
17.0003,524.971
17.0103,523.971
17.0203,522.971
17.0303,521.971
17.0403,520.971
17.0503,519.971
17.0603,518.97
17.0703,517.97
17.0803,516.97
17.0903,515.97
17.1003,514.97
17.1103,513.97
17.1203,512.97
17.1303,511.97
17.1403,510.97
17.1503,509.97
17.1603,508.97
17.1703,507.97
17.1803,506.97
17.1903,505.97
17.2003,504.97
17.2103,503.97
17.2203,502.97
17.2303,501.97
17.2403,500.97
17.2503,499.97
17.2603,498.97
17.2703,497.97
17.2803,496.97
17.2903,495.97
17.3003,494.97
17.3103,493.97
17.3203,492.97
17.3303,491.97
17.3403,490.97
17.3503,489.97
17.3603,488.97
17.3703,487.97
17.3803,486.97
17.3903,485.97
17.4003,484.97
17.4103,483.97
17.4203,482.97
17.4303,481.97
17.4403,480.97
17.4503,479.97
17.4603,478.97
17.4703,477.97
17.4803,476.97
17.4903,475.97
17.5003,474.969
17.5103,473.969
17.5203,472.969
17.5303,471.969
17.5403,470.969
17.5503,469.969
17.5603,468.969
17.5703,467.969
17.5803,466.969
17.5903,465.969
17.6003,464.969
17.6103,463.969
17.6203,462.969
17.6303,461.969
17.6403,460.969
17.6503,459.969
17.6603,458.969
17.6703,457.969
17.6803,456.969
17.6903,455.969
17.7003,454.969
17.7103,453.969
17.7203,452.969
17.7303,451.969
17.7403,450.969
17.7503,449.969
17.7603,448.969
17.7703,447.969
17.7803,446.969
17.7903,445.969
17.8003,444.969
17.8103,443.969
17.8203,442.969
17.8303,441.969
17.8403,440.969
17.8503,439.969
17.8603,438.969
17.8703,437.969
17.8803,436.969
17.8903,435.969
17.9003,434.969
17.9103,433.969
17.9203,432.969
17.9303,431.968
17.9403,430.968
17.9503,429.968
17.9603,428.968
17.9703,427.968
17.9803,426.968
17.9903,425.968
18.0003,424.968
18.0103,423.968
18.0203,422.968
18.0303,421.968
18.0403,420.968
18.0503,419.968
18.0603,418.968
18.0703,417.968
18.0803,416.968
18.0903,415.968
18.1003,414.968
18.1103,413.968
18.1203,412.968
18.1303,411.968
18.1403,410.968
18.1503,409.968
18.1603,408.968
18.1703,407.968
18.1803,406.968
18.1903,405.968
18.2003,404.968
18.2103,403.968
18.2203,402.968
18.2303,401.968
18.2403,400.968
18.2503,399.968
18.2603,398.968
18.2703,397.968
18.2803,396.968
18.2903,395.968
18.3003,394.968
18.3103,393.968
18.3203,392.968
18.3303,391.968
18.3403,390.968
18.3503,389.968
18.3603,388.968
18.3703,387.967
18.3803,386.967
18.3903,385.967
18.4003,384.967
18.4103,383.967
18.4203,382.967
18.4303,381.967
18.4403,380.967
18.4503,379.967
18.4603,378.967
18.4703,377.967
18.4803,376.967
18.4903,375.967
18.5003,374.967
18.5103,373.967
18.5203,372.967
18.5303,371.967
18.5403,370.967
18.5503,369.967
18.5603,368.967
18.5703,367.967
18.5803,366.967
18.5903,365.967
18.6003,364.967
18.6103,363.967
18.6203,362.967
18.6303,361.967
18.6403,360.967
18.6503,359.967
18.6603,358.967
18.6703,357.967
18.6803,356.967
18.6903,355.967
18.7003,354.967
18.7103,353.967
18.7203,352.967
18.7303,351.967
18.7403,350.967
18.7503,349.967
18.7603,348.967
18.7703,347.967
18.7803,346.967
18.7903,345.967
18.8003,344.967
18.8103,343.966
18.8203,342.966
18.8303,341.966
18.8403,340.966
18.8503,339.966
18.8603,338.966
18.8703,337.966
18.8803,336.966
18.8903,335.966
18.9003,334.966
18.9103,333.966
18.9203,332.966
18.9303,331.966
18.9403,330.966
18.9503,329.966
18.9603,328.966
18.9703,327.966
18.9803,326.966
18.9903,325.966
19.0003,324.966
19.0103,323.966
19.0203,322.966
19.0303,321.966
19.0403,320.966
19.0503,319.966
19.0603,318.966
19.0703,317.966
19.0803,316.966
19.0903,315.966
19.1003,314.966
19.1103,313.966
19.1203,312.966
19.1303,311.966
19.1403,310.966
19.1503,309.966
19.1603,308.966
19.1703,307.966
19.1803,306.966
19.1903,305.966
19.2003,304.966
19.2103,303.966
19.2203,302.966
19.2303,301.966
19.2403,300.965
19.2503,299.965
19.2603,298.965
19.2703,297.965
19.2803,296.965
19.2903,295.965
19.3003,294.965
19.3103,293.965
19.3203,292.965
19.3303,291.965
19.3403,290.965
19.3503,289.965
19.3603,288.965
19.3703,287.965
19.3803,286.965
19.3903,285.965
19.4003,284.965
19.4103,283.965
19.4203,282.965
19.4303,281.965
19.4403,280.965
19.4503,279.965
19.4604,278.965
19.4704,277.965
19.4804,276.965
19.4904,275.965
19.5004,274.965
19.5104,273.965
19.5204,272.965
19.5304,271.965
19.5404,270.965
19.5504,269.965
19.5604,268.965
19.5704,267.965
19.5804,266.965
19.5904,265.965
19.6004,264.965
19.6104,263.965
19.6204,262.965
19.6304,261.965
19.6404,260.965
19.6504,259.965
19.6604,258.965
19.6704,257.965
19.6804,256.964
19.6904,255.964
19.7004,254.964
19.7104,253.964
19.7204,252.964
19.7304,251.964
19.7404,250.964
19.7504,249.964
19.7604,248.964
19.7704,247.964
19.7804,246.964
19.7904,245.964
19.8004,244.964
19.8104,243.964
19.8204,242.964
19.8304,241.964
19.8404,240.964
19.8504,239.964
19.8604,238.964
19.8704,237.964
19.8804,236.964
19.8904,235.964
19.9004,234.964
19.9104,233.964
19.9204,232.964
19.9304,231.964
19.9404,230.964
19.9504,229.964
19.9604,228.964
19.9704,227.964
19.9804,226.964
19.9904,225.964
20.0004,224.964
20.0104,223.964
20.0204,222.964
20.0304,221.964
20.0404,220.964
20.0504,219.964
20.0604,218.964
20.0704,217.964
20.0804,216.964
20.0904,215.964
20.1004,214.964
20.1104,213.964
20.1204,212.963
20.1304,211.963
20.1404,210.963
20.1504,209.963
20.1604,208.963
20.1704,207.963
20.1804,206.963
20.1904,205.963
20.2004,204.963
20.2104,203.963
20.2204,202.963
20.2304,201.963
20.2404,200.963
20.2504,199.963
20.2604,198.963
20.2704,197.963
20.2804,196.963
20.2904,195.963
20.3004,194.963
20.3104,193.963
20.3204,192.963
20.3304,191.963
20.3404,190.963
20.3504,189.963
20.3604,188.963
20.3704,187.963
20.3804,186.963
20.3904,185.963
20.4004,184.963
20.4104,183.963
20.4204,182.963
20.4304,181.963
20.4404,180.963
20.4504,179.963
20.4604,178.963
20.4704,177.963
20.4804,176.963
20.4904,175.963
20.5004,174.963
20.5104,173.963
20.5204,172.963
20.5304,171.963
20.5404,170.963
20.5504,169.963
20.5604,168.962
20.5704,167.962
20.5804,166.962
20.5904,165.962
20.6004,164.962
20.6104,163.962
20.6204,162.962
20.6304,161.962
20.6404,160.962
20.6504,159.962
20.6604,158.962
20.6704,157.962
20.6804,156.962
20.6904,155.962
20.7004,154.962
20.7104,153.962
20.7204,152.962
20.7304,151.962
20.7404,150.962
20.7504,149.962
20.7604,148.962
20.7704,147.962
20.7804,146.962
20.7904,145.962
20.8004,144.962
20.8104,143.962
20.8204,142.962
20.8304,141.962
20.8404,140.962
20.8504,139.962
20.8604,138.962
20.8704,137.962
20.8804,136.962
20.8904,135.962
20.9004,134.962
20.9104,133.962
20.9204,132.962
20.9304,131.962
20.9404,130.962
20.9504,129.962
20.9604,128.962
20.9704,127.962
20.9804,126.962
20.9904,125.961
21.0004,124.961
21.0104,123.961
21.0204,122.961
21.0304,121.961
21.0404,120.961
21.0504,119.961
21.0604,118.961
21.0704,117.961
21.0804,116.961
21.0904,115.961
21.1004,114.961
21.1104,113.961
21.1204,112.961
21.1304,111.961
21.1404,110.961
21.1504,109.961
21.1604,108.961
21.1704,107.961
21.1804,106.961
21.1904,105.961
21.2004,104.961
21.2104,103.961
21.2204,102.961
21.2304,101.961
21.2404,100.961
21.2504,99.9609
21.2604,98.9609
21.2704,97.9609
21.2804,96.9608
21.2904,95.9608
21.3004,94.9608
21.3104,93.9608
21.3204,92.9607
21.3304,91.9607
21.3404,90.9607
21.3504,89.9607
21.3604,88.9606
21.3704,87.9606
21.3804,86.9606
21.3904,85.9606
21.4004,84.9606
21.4104,83.9605
21.4204,82.9605
21.4304,81.9605
21.4404,80.9605
21.4504,79.9604
21.4604,78.9604
21.4704,77.9604
21.4804,76.9604
21.4904,75.9604
21.5004,74.9603
21.5104,73.9603
21.5204,72.9603
21.5304,71.9603
21.5404,70.9602
21.5504,69.9602
21.5604,68.9602
21.5704,67.9602
21.5804,66.9601
21.5904,65.9601
21.6004,64.9601
21.6104,63.9601
21.6204,62.9601
21.6304,61.96
21.6404,60.96
21.6504,59.96
21.6604,58.96
21.6704,57.9599
21.6804,56.9599
21.6904,55.9599
21.7004,54.9599
21.7104,53.9598
21.7204,52.9598
21.7304,51.9598
21.7404,50.9598
21.7504,49.9598
21.7604,48.9597
21.7704,47.9597
21.7804,46.9597
21.7904,45.9597
21.8004,44.9596
21.8104,43.9596
21.8204,42.9596
21.8304,41.9596
21.8404,40.9595
21.8504,39.9595
21.8604,38.9595
21.8704,37.9595
21.8804,36.9595
21.8904,35.9594
21.9004,34.9594
21.9104,33.9594
21.9204,32.9594
21.9304,31.9593
21.9404,30.9593
21.9504,29.9593
21.9604,28.9593
21.9704,27.9593
21.9804,26.9592
21.9904,25.9592
22.0004,24.9592
22.0104,23.9592
22.0204,22.9591
22.0304,21.9591
22.0404,20.9591
22.0504,19.9591
22.0604,18.959
22.0704,17.959
22.0804,16.959
22.0904,15.959
22.1004,14.959
22.1104,13.9589
22.1204,12.9589
22.1304,11.9589
22.1404,10.9589
22.1504,9.95884
22.1604,8.95882
22.1704,7.95879
22.1804,6.95877
22.1904,5.95875
22.2004,4.95872
22.2104,3.9587
22.2204,2.95868
22.2304,1.95866
22.2404,0.958633
22.2504,-0.0413895
22.2604,-1.04141
22.2704,-2.04144
22.2804,-3.04146
22.2904,-4.04148
22.3004,-5.0415
22.3104,-6.04153
22.3204,-7.04155
22.3304,-8.04157
22.3404,-9.0416
22.3504,-10.0416
22.3604,-11.0416
22.3704,-12.0417
22.3804,-13.0417
22.3904,-14.0417
22.4004,-15.0417
22.4104,-16.0418
22.4204,-17.0418
22.4304,-18.0418
22.4404,-19.0418
22.4504,-20.0418
22.4604,-21.0419
22.4704,-22.0419
22.4804,-23.0419
22.4904,-24.0419
22.5004,-25.042
22.5104,-26.042
22.5204,-27.042
22.5304,-28.042
22.5404,-29.0421
22.5504,-30.0421
22.5604,-31.0421
22.5704,-32.0421
22.5804,-33.0421
22.5904,-34.0422
22.6004,-35.0422
22.6104,-36.0422
22.6204,-37.0422
22.6304,-38.0423
22.6404,-39.0423
22.6504,-40.0423
22.6604,-41.0423
22.6704,-42.0424
22.6804,-43.0424
22.6904,-44.0424
22.7004,-45.0424
22.7104,-46.0424
22.7204,-47.0425
22.7304,-48.0425
22.7404,-49.0425
22.7504,-50.0425
22.7604,-51.0426
22.7704,-52.0426
22.7804,-53.0426
22.7904,-54.0426
22.8004,-55.0426
22.8104,-56.0427
22.8204,-57.0427
22.8304,-58.0427
22.8404,-59.0427
22.8504,-60.0428
22.8604,-61.0428
22.8704,-62.0428
22.8804,-63.0428
22.8904,-64.0429
22.9004,-65.0429
22.9104,-66.0429
22.9204,-67.0429
22.9304,-68.0429
22.9404,-69.043
22.9504,-70.043
22.9604,-71.043
22.9704,-72.043
22.9804,-73.0431
22.9904,-74.0431
23.0004,-75.0431
23.0104,-76.0431
23.0204,-77.0432
23.0304,-78.0432
23.0404,-79.0432
23.0504,-80.0432
23.0604,-81.0432
23.0704,-82.0433
23.0804,-83.0433
23.0904,-84.0433
23.1004,-85.0433
23.1104,-86.0434
23.1204,-87.0434
23.1304,-88.0434
23.1404,-89.0434
23.1504,-90.0434
23.1604,-91.0435
23.1704,-92.0435
23.1804,-93.0435
23.1904,-94.0435
23.2004,-95.0436
23.2104,-96.0436
23.2204,-97.0436
23.2304,-98.0436
23.2404,-99.0437
23.2504,-100.044
23.2604,-101.044
23.2704,-102.044
23.2804,-103.044
23.2904,-104.044
23.3004,-105.044
23.3104,-106.044
23.3204,-107.044
23.3304,-108.044
23.3404,-109.044
23.3504,-110.044
23.3604,-111.044
23.3704,-112.044
23.3804,-113.044
23.3904,-114.044
23.4004,-115.044
23.4104,-116.044
23.4204,-117.044
23.4304,-118.044
23.4404,-119.044
23.4504,-120.044
23.4604,-121.044
23.4704,-122.044
23.4804,-123.044
23.4904,-124.044
23.5004,-125.044
23.5104,-126.044
23.5204,-127.044
23.5304,-128.044
23.5404,-129.044
23.5504,-130.044
23.5604,-131.044
23.5704,-132.044
23.5804,-133.044
23.5904,-134.044
23.6004,-135.044
23.6104,-136.045
23.6204,-137.045
23.6304,-138.045
23.6404,-139.045
23.6504,-140.045
23.6604,-141.045
23.6704,-142.045
23.6804,-143.045
23.6904,-144.045
23.7004,-145.045
23.7104,-146.045
23.7204,-147.045
23.7304,-148.045
23.7404,-149.045
23.7504,-150.045
23.7604,-151.045
23.7704,-152.045
23.7804,-153.045
23.7904,-154.045
23.8004,-155.045
23.8104,-156.045
23.8204,-157.045
23.8305,-158.045
23.8405,-159.045
23.8505,-160.045
23.8605,-161.045
23.8705,-162.045
23.8805,-163.045
23.8905,-164.045
23.9005,-165.045
23.9105,-166.045
23.9205,-167.045
23.9305,-168.045
23.9405,-169.045
23.9505,-170.045
23.9605,-171.045
23.9705,-172.045
23.9805,-173.045
23.9905,-174.045
24.0005,-175.045
24.0105,-176.045
24.0205,-177.045
24.0305,-178.045
24.0405,-179.045
24.0505,-180.046
24.0605,-181.046
24.0705,-182.046
24.0805,-183.046
24.0905,-184.046
24.1005,-185.046
24.1105,-186.046
24.1205,-187.046
24.1305,-188.046
24.1405,-189.046
24.1505,-190.046
24.1605,-191.046
24.1705,-192.046
24.1805,-193.046
24.1905,-194.046
24.2005,-195.046
24.2105,-196.046
24.2205,-197.046
24.2305,-198.046
24.2405,-199.046
24.2505,-200.046
24.2605,-201.046
24.2705,-202.046
24.2805,-203.046
24.2905,-204.046
24.3005,-205.046
24.3105,-206.046
24.3205,-207.046
24.3305,-208.046
24.3405,-209.046
24.3505,-210.046
24.3605,-211.046
24.3705,-212.046
24.3805,-213.046
24.3905,-214.046
24.4005,-215.046
24.4105,-216.046
24.4205,-217.046
24.4305,-218.046
24.4405,-219.046
24.4505,-220.046
24.4605,-221.046
24.4705,-222.046
24.4805,-223.046
24.4905,-224.047
24.5005,-225.047
24.5105,-226.047
24.5205,-227.047
24.5305,-228.047
24.5405,-229.047
24.5505,-230.047
24.5605,-231.047
24.5705,-232.047
24.5805,-233.047
24.5905,-234.047
24.6005,-235.047
24.6105,-236.047
24.6205,-237.047
24.6305,-238.047
24.6405,-239.047
24.6505,-240.047
24.6605,-241.047
24.6705,-242.047
24.6805,-243.047
24.6905,-244.047
24.7005,-245.047
24.7105,-246.047
24.7205,-247.047
24.7305,-248.047
24.7405,-249.047
24.7505,-250.047
24.7605,-251.047
24.7705,-252.047
24.7805,-253.047
24.7905,-254.047
24.8005,-255.047
24.8105,-256.047
24.8205,-257.047
24.8305,-258.047
24.8405,-259.047
24.8505,-260.047
24.8605,-261.047
24.8705,-262.047
24.8805,-263.047
24.8905,-264.047
24.9005,-265.047
24.9105,-266.047
24.9205,-267.048
24.9305,-268.048
24.9405,-269.048
24.9505,-270.048
24.9605,-271.048
24.9705,-272.048
24.9805,-273.048
24.9905,-274.048
25.0005,-275.048
25.0105,-276.048
25.0205,-277.048
25.0305,-278.048
25.0405,-279.048
25.0505,-280.048
25.0605,-281.048
25.0705,-282.048
25.0805,-283.048
25.0905,-284.048
25.1005,-285.048
25.1105,-286.048
25.1205,-287.048
25.1305,-288.048
25.1405,-289.048
25.1505,-290.048
25.1605,-291.048
25.1705,-292.048
25.1805,-293.048
25.1905,-294.048
25.2005,-295.048
25.2105,-296.048
25.2205,-297.048
25.2305,-298.048
25.2405,-299.048
25.2505,-300.048
25.2605,-301.048
25.2705,-302.048
25.2805,-303.048
25.2905,-304.048
25.3005,-305.048
25.3105,-306.048
25.3205,-307.048
25.3305,-308.048
25.3405,-309.048
25.3505,-310.048
25.3605,-311.049
25.3705,-312.049
25.3805,-313.049
25.3905,-314.049
25.4005,-315.049
25.4105,-316.049
25.4205,-317.049
25.4305,-318.049
25.4405,-319.049
25.4505,-320.049
25.4605,-321.049
25.4705,-322.049
25.4805,-323.049
25.4905,-324.049
25.5005,-325.049
25.5105,-326.049
25.5205,-327.049
25.5305,-328.049
25.5405,-329.049
25.5505,-330.049
25.5605,-331.049
25.5705,-332.049
25.5805,-333.049
25.5905,-334.049
25.6005,-335.049
25.6105,-336.049
25.6205,-337.049
25.6305,-338.049
25.6405,-339.049
25.6505,-340.049
25.6605,-341.049
25.6705,-342.049
25.6805,-343.049
25.6905,-344.049
25.7005,-345.049
25.7105,-346.049
25.7205,-347.049
25.7305,-348.049
25.7405,-349.049
25.7505,-350.049
25.7605,-351.049
25.7705,-352.049
25.7805,-353.049
25.7905,-354.049
25.8005,-355.05
25.8105,-356.05
25.8205,-357.05
25.8305,-358.05
25.8405,-359.05
25.8505,-360.05
25.8605,-361.05
25.8705,-362.05
25.8805,-363.05
25.8905,-364.05
25.9005,-365.05
25.9105,-366.05
25.9205,-367.05
25.9305,-368.05
25.9405,-369.05
25.9505,-370.05
25.9605,-371.05
25.9705,-372.05
25.9805,-373.05
25.9905,-374.05
26.0005,-375.05
26.0105,-376.05
26.0205,-377.05
26.0305,-378.05
26.0405,-379.05
26.0505,-380.05
26.0605,-381.05
26.0705,-382.05
26.0805,-383.05
26.0905,-384.05
26.1005,-385.05
26.1105,-386.05
26.1205,-387.05
26.1305,-388.05
26.1405,-389.05
26.1505,-390.05
26.1605,-391.05
26.1705,-392.05
26.1805,-393.05
26.1905,-394.05
26.2005,-395.05
26.2105,-396.05
26.2205,-397.05
26.2305,-398.05
26.2405,-399.051
26.2505,-400.051
26.2605,-401.051
26.2705,-402.051
26.2805,-403.051
26.2905,-404.051
26.3005,-405.051
26.3105,-406.051
26.3205,-407.051
26.3305,-408.051
26.3405,-409.051
26.3505,-410.051
26.3605,-411.051
26.3705,-412.051
26.3805,-413.051
26.3905,-414.051
26.4005,-415.051
26.4105,-416.051
26.4205,-417.051
26.4305,-418.051
26.4405,-419.051
26.4505,-420.051
26.4605,-421.051
26.4705,-422.051
26.4805,-423.051
26.4905,-424.051
26.5005,-425.051
26.5105,-426.051
26.5205,-427.051
26.5305,-428.051
26.5405,-429.051
26.5505,-430.051
26.5605,-431.051
26.5705,-432.051
26.5805,-433.051
26.5905,-434.051
26.6005,-435.051
26.6105,-436.051
26.6205,-437.051
26.6305,-438.051
26.6405,-439.051
26.6505,-440.051
26.6605,-441.051
26.6705,-442.052
26.6805,-443.052
26.6905,-444.052
26.7005,-445.052
26.7105,-446.052
26.7205,-447.052
26.7305,-448.052
26.7405,-449.052
26.7505,-450.052
26.7605,-451.052
26.7705,-452.052
26.7805,-453.052
26.7905,-454.052
26.8005,-455.052
26.8105,-456.052
26.8205,-457.052
26.8305,-458.052
26.8405,-459.052
26.8505,-460.052
26.8605,-461.052
26.8705,-462.052
26.8805,-463.052
26.8905,-464.052
26.9005,-465.052
26.9105,-466.052
26.9205,-467.052
26.9305,-468.052
26.9405,-469.052
26.9505,-470.052
26.9605,-471.052
26.9705,-472.052
26.9805,-473.052
26.9905,-474.052
27.0005,-475.052
27.0105,-476.052
27.0205,-477.052
27.0305,-478.052
27.0405,-479.052
27.0505,-480.052
27.0605,-481.052
27.0705,-482.052
27.0805,-483.052
27.0905,-484.052
27.1005,-485.052
27.1105,-486.053
27.1205,-487.053
27.1305,-488.053
27.1405,-489.053
27.1505,-490.053
27.1605,-491.053
27.1705,-492.053
27.1805,-493.053
27.1905,-494.053
27.2005,-495.053
27.2105,-496.053
27.2205,-497.053
27.2305,-498.053
27.2405,-499.053
27.2505,-500.053
27.2605,-501.053
27.2705,-502.053
27.2805,-503.053
27.2905,-504.053
27.3005,-505.053
27.3105,-506.053
27.3205,-507.053
27.3305,-508.053
27.3405,-509.053
27.3505,-510.053
27.3605,-511.053
27.3705,-512.053
27.3805,-513.053
27.3905,-514.053
27.4005,-515.053
27.4105,-516.053
27.4205,-517.053
27.4305,-518.053
27.4405,-519.053
27.4505,-520.053
27.4605,-521.053
27.4705,-522.053
27.4805,-523.053
27.4905,-524.053
27.5005,-525.053
27.5105,-526.053
27.5205,-527.053
27.5305,-528.053
27.5405,-529.053
27.5505,-530.054
27.5605,-531.054
27.5705,-532.054
27.5805,-533.054
27.5905,-534.054
27.6005,-535.054
27.6105,-536.054
27.6205,-537.054
27.6305,-538.054
27.6405,-539.054
27.6505,-540.054
27.6605,-541.054
27.6705,-542.054
27.6805,-543.054
27.6905,-544.054
27.7005,-545.054
27.7105,-546.054
27.7205,-547.054
27.7305,-548.054
27.7405,-549.054
27.7505,-550.054
27.7605,-551.054
27.7705,-552.054
27.7805,-553.054
27.7905,-554.054
27.8005,-555.054
27.8105,-556.054
27.8205,-557.054
27.8305,-558.054
27.8405,-559.054
27.8505,-560.054
27.8605,-561.054
27.8705,-562.054
27.8805,-563.054
27.8905,-564.054
27.9005,-565.054
27.9105,-566.054
27.9205,-567.054
27.9305,-568.054
27.9405,-569.054
27.9505,-570.054
27.9605,-571.054
27.9705,-572.054
27.9805,-573.055
27.9905,-574.055
28.0005,-575.055
28.0105,-576.055
28.0205,-577.055
28.0305,-578.055
28.0405,-579.055
28.0505,-580.055
28.0605,-581.055
28.0705,-582.055
28.0805,-583.055
28.0905,-584.055
28.1005,-585.055
28.1105,-586.055
28.1205,-587.055
28.1305,-588.055
28.1405,-589.055
28.1505,-590.055
28.1605,-591.055
28.1705,-592.055
28.1805,-593.055
28.1905,-594.055
28.2006,-595.055
28.2106,-596.055
28.2206,-597.055
28.2306,-598.055
28.2406,-599.055
28.2506,-600.055
28.2606,-601.055
28.2706,-602.055
28.2806,-603.055
28.2906,-604.055
28.3006,-605.055
28.3106,-606.055
28.3206,-607.055
28.3306,-608.055
28.3406,-609.055
28.3506,-610.055
28.3606,-611.055
28.3706,-612.055
28.3806,-613.055
28.3906,-614.055
28.4006,-615.055
28.4106,-616.055
28.4206,-617.056
28.4306,-618.056
28.4406,-619.056
28.4506,-620.056
28.4606,-621.056
28.4706,-622.056
28.4806,-623.056
28.4906,-624.056
28.5006,-625.056
28.5106,-626.056
28.5206,-627.056
28.5306,-628.056
28.5406,-629.056
28.5506,-630.056
28.5606,-631.056
28.5706,-632.056
28.5806,-633.056
28.5906,-634.056
28.6006,-635.056
28.6106,-636.056
28.6206,-637.056
28.6306,-638.056
28.6406,-639.056
28.6506,-640.056
28.6606,-641.056
28.6706,-642.056
28.6806,-643.056
28.6906,-644.056
28.7006,-645.056
28.7106,-646.056
28.7206,-647.056
28.7306,-648.056
28.7406,-649.056
28.7506,-650.056
28.7606,-651.056
28.7706,-652.056
28.7806,-653.056
28.7906,-654.056
28.8006,-655.056
28.8106,-656.056
28.8206,-657.056
28.8306,-658.056
28.8406,-659.056
28.8506,-660.056
28.8606,-661.057
28.8706,-662.057
28.8806,-663.057
28.8906,-664.057
28.9006,-665.057
28.9106,-666.057
28.9206,-667.057
28.9306,-668.057
28.9406,-669.057
28.9506,-670.057
28.9606,-671.057
28.9706,-672.057
28.9806,-673.057
28.9906,-674.057
29.0006,-675.057
29.0106,-676.057
29.0206,-677.057
29.0306,-678.057
29.0406,-679.057
29.0506,-680.057
29.0606,-681.057
29.0706,-682.057
29.0806,-683.057
29.0906,-684.057
29.1006,-685.057
29.1106,-686.057
29.1206,-687.057
29.1306,-688.057
29.1406,-689.057
29.1506,-690.057
29.1606,-691.057
29.1706,-692.057
29.1806,-693.057
29.1906,-694.057
29.2006,-695.057
29.2106,-696.057
29.2206,-697.057
29.2306,-698.057
29.2406,-699.057
29.2506,-700.057
29.2606,-701.057
29.2706,-702.057
29.2806,-703.057
29.2906,-704.058
29.3006,-705.058
29.3106,-706.058
29.3206,-707.058
29.3306,-708.058
29.3406,-709.058
29.3506,-710.058
29.3606,-711.058
29.3706,-712.058
29.3806,-713.058
29.3906,-714.058
29.4006,-715.058
29.4106,-716.058
29.4206,-717.058
29.4306,-718.058
29.4406,-719.058
29.4506,-720.058
29.4606,-721.058
29.4706,-722.058
29.4806,-723.058
29.4906,-724.058
29.5006,-725.058
29.5106,-726.058
29.5206,-727.058
29.5306,-728.058
29.5406,-729.058
29.5506,-730.058
29.5606,-731.058
29.5706,-732.058
29.5806,-733.058
29.5906,-734.058
29.6006,-735.058
29.6106,-736.058
29.6206,-737.058
29.6306,-738.058
29.6406,-739.058
29.6506,-740.058
29.6606,-741.058
29.6706,-742.058
29.6806,-743.058
29.6906,-744.058
29.7006,-745.058
29.7106,-746.058
29.7206,-747.058
29.7306,-748.059
29.7406,-749.059
29.7506,-750.059
29.7606,-751.059
29.7706,-752.059
29.7806,-753.059
29.7906,-754.059
29.8006,-755.059
29.8106,-756.059
29.8206,-757.059
29.8306,-758.059
29.8406,-759.059
29.8506,-760.059
29.8606,-761.059
29.8706,-762.059
29.8806,-763.059
29.8906,-764.059
29.9006,-765.059
29.9106,-766.059
29.9206,-767.059
29.9306,-768.059
29.9406,-769.059
29.9506,-770.059
29.9606,-771.059
29.9706,-772.059
29.9806,-773.059
29.9906,-774.059
