i,t,x,y,Vx,Vy
0,0,0,0,6.06218,3.5
2,0.001,0.00606218,0.00349266,6.06218,3.49022
4,0.002,0.0121244,0.00697555,6.06218,3.48044
6,0.003,0.0181865,0.0104487,6.06218,3.47066
8,0.004,0.0242487,0.013912,6.06218,3.46088
10,0.005,0.0303109,0.0173655,6.06218,3.4511
12,0.006,0.0363731,0.0208093,6.06218,3.44132
14,0.007,0.0424352,0.0242433,6.06218,3.43154
16,0.008,0.0484974,0.0276675,6.06218,3.42176
18,0.009,0.0545596,0.0310819,6.06218,3.41198
20,0.01,0.0606218,0.0344865,6.06218,3.4022
22,0.011,0.066684,0.0378814,6.06218,3.39242
24,0.012,0.0727461,0.0412665,6.06218,3.38264
26,0.013,0.0788083,0.0446418,6.06218,3.37286
28,0.014,0.0848705,0.0480073,6.06218,3.36308
30,0.015,0.0909327,0.0513631,6.06218,3.3533
32,0.016,0.0969948,0.054709,6.06218,3.34352
34,0.017,0.103057,0.0580452,6.06218,3.33374
36,0.018,0.109119,0.0613716,6.06218,3.32396
38,0.019,0.115181,0.0646883,6.06218,3.31418
40,0.02,0.121244,0.0679951,6.06218,3.3044
42,0.021,0.127306,0.0712922,6.06218,3.29462
44,0.022,0.133368,0.0745794,6.06218,3.28484
46,0.023,0.13943,0.077857,6.06218,3.27506
48,0.024,0.145492,0.0811247,6.06218,3.26528
50,0.025,0.151554,0.0843826,6.06218,3.2555
52,0.026,0.157617,0.0876308,6.06218,3.24572
54,0.027,0.163679,0.0908692,6.06218,3.23594
56,0.028,0.169741,0.0940978,6.06218,3.22616
58,0.029,0.175803,0.0973166,6.06218,3.21638
60,0.03,0.181865,0.100526,6.06218,3.2066
62,0.031,0.187928,0.103725,6.06218,3.19682
64,0.032,0.19399,0.106914,6.06218,3.18704
66,0.033,0.200052,0.110094,6.06218,3.17726
68,0.034,0.206114,0.113264,6.06218,3.16748
70,0.035,0.212176,0.116424,6.06218,3.1577
72,0.036,0.218238,0.119575,6.06218,3.14792
74,0.037,0.224301,0.122715,6.06218,3.13814
76,0.038,0.230363,0.125846,6.06218,3.12836
78,0.039,0.236425,0.128967,6.06218,3.11858
80,0.04,0.242487,0.132078,6.06218,3.1088
82,0.041,0.248549,0.13518,6.06218,3.09902
84,0.042,0.254611,0.138271,6.06218,3.08924
86,0.043,0.260674,0.141353,6.06218,3.07946
88,0.044,0.266736,0.144425,6.06218,3.06968
90,0.045,0.272798,0.147488,6.06218,3.0599
92,0.046,0.27886,0.15054,6.06218,3.05012
94,0.047,0.284922,0.153583,6.06218,3.04034
96,0.048,0.290985,0.156616,6.06218,3.03056
98,0.049,0.297047,0.159639,6.06218,3.02078
100,0.05,0.303109,0.162653,6.06218,3.011
102,0.051,0.309171,0.165656,6.06218,3.00122
104,0.052,0.315233,0.16865,6.06218,2.99144
106,0.053,0.321295,0.171634,6.06218,2.98166
108,0.054,0.327358,0.174609,6.06218,2.97188
110,0.055,0.33342,0.177573,6.06218,2.9621
112,0.056,0.339482,0.180528,6.06218,2.95232
114,0.057,0.345544,0.183473,6.06218,2.94254
116,0.058,0.351606,0.186408,6.06218,2.93276
118,0.059,0.357668,0.189334,6.06218,2.92298
120,0.06,0.363731,0.192249,6.06218,2.9132
122,0.061,0.369793,0.195155,6.06218,2.90342
124,0.062,0.375855,0.198051,6.06218,2.89364
126,0.063,0.381917,0.200938,6.06218,2.88386
128,0.064,0.387979,0.203814,6.06218,2.87408
130,0.065,0.394042,0.206681,6.06218,2.8643
132,0.066,0.400104,0.209538,6.06218,2.85452
134,0.067,0.406166,0.212385,6.06218,2.84474
136,0.068,0.412228,0.215222,6.06218,2.83496
138,0.069,0.41829,0.21805,6.06218,2.82518
140,0.07,0.424352,0.220868,6.06218,2.8154
142,0.071,0.430415,0.223676,6.06218,2.80562
144,0.072,0.436477,0.226474,6.06218,2.79584
146,0.073,0.442539,0.229263,6.06218,2.78606
148,0.074,0.448601,0.232041,6.06218,2.77628
150,0.075,0.454663,0.23481,6.06218,2.7665
152,0.076,0.460726,0.23757,6.06218,2.75672
154,0.077,0.466788,0.240319,6.06218,2.74694
156,0.078,0.47285,0.243059,6.06218,2.73716
158,0.079,0.478912,0.245788,6.06218,2.72738
160,0.08,0.484974,0.248508,6.06218,2.7176
162,0.081,0.491036,0.251219,6.06218,2.70782
164,0.082,0.497099,0.253919,6.06218,2.69804
166,0.083,0.503161,0.25661,6.06218,2.68826
168,0.084,0.509223,0.259291,6.06218,2.67848
170,0.085,0.515285,0.261962,6.06218,2.6687
172,0.086,0.521347,0.264623,6.06218,2.65892
174,0.087,0.527409,0.267275,6.06218,2.64914
176,0.088,0.533472,0.269917,6.06218,2.63936
178,0.089,0.539534,0.272549,6.06218,2.62958
180,0.09,0.545596,0.275171,6.06218,2.6198
182,0.091,0.551658,0.277783,6.06218,2.61002
184,0.092,0.55772,0.280386,6.06218,2.60024
186,0.093,0.563783,0.282979,6.06218,2.59046
188,0.094,0.569845,0.285562,6.06218,2.58068
190,0.095,0.575907,0.288135,6.06218,2.5709
192,0.096,0.581969,0.290699,6.06218,2.56112
194,0.097,0.588031,0.293253,6.06218,2.55134
196,0.098,0.594093,0.295797,6.06218,2.54156
198,0.099,0.600156,0.298331,6.06218,2.53178
200,0.1,0.606218,0.300855,6.06218,2.522
202,0.101,0.61228,0.30337,6.06218,2.51222
204,0.102,0.618342,0.305875,6.06218,2.50244
206,0.103,0.624404,0.30837,6.06218,2.49266
208,0.104,0.630466,0.310855,6.06218,2.48288
210,0.105,0.636529,0.313331,6.06218,2.4731
212,0.106,0.642591,0.315797,6.06218,2.46332
214,0.107,0.648653,0.318253,6.06218,2.45354
216,0.108,0.654715,0.320699,6.06218,2.44376
218,0.109,0.660777,0.323135,6.06218,2.43398
220,0.11,0.66684,0.325562,6.06218,2.4242
222,0.111,0.672902,0.327979,6.06218,2.41442
224,0.112,0.678964,0.330386,6.06218,2.40464
226,0.113,0.685026,0.332783,6.06218,2.39486
228,0.114,0.691088,0.335171,6.06218,2.38508
230,0.115,0.69715,0.337549,6.06218,2.3753
232,0.116,0.703213,0.339917,6.06218,2.36552
234,0.117,0.709275,0.342275,6.06218,2.35574
236,0.118,0.715337,0.344623,6.06218,2.34596
238,0.119,0.721399,0.346962,6.06218,2.33618
240,0.12,0.727461,0.349291,6.06218,2.3264
242,0.121,0.733524,0.35161,6.06218,2.31662
244,0.122,0.739586,0.353919,6.06218,2.30684
246,0.123,0.745648,0.356218,6.06218,2.29706
248,0.124,0.75171,0.358508,6.06218,2.28728
250,0.125,0.757772,0.360788,6.06218,2.2775
252,0.126,0.763834,0.363058,6.06218,2.26772
254,0.127,0.769897,0.365319,6.06218,2.25794
256,0.128,0.775959,0.367569,6.06218,2.24816
258,0.129,0.782021,0.36981,6.06218,2.23838
260,0.13,0.788083,0.372041,6.06218,2.2286
262,0.131,0.794145,0.374262,6.06218,2.21882
264,0.132,0.800207,0.376474,6.06218,2.20904
266,0.133,0.80627,0.378676,6.06218,2.19926
268,0.134,0.812332,0.380868,6.06218,2.18948
270,0.135,0.818394,0.38305,6.06218,2.1797
272,0.136,0.824456,0.385222,6.06218,2.16992
274,0.137,0.830518,0.387385,6.06218,2.16014
276,0.138,0.836581,0.389537,6.06218,2.15036
278,0.139,0.842643,0.39168,6.06218,2.14058
280,0.14,0.848705,0.393814,6.06218,2.1308
282,0.141,0.854767,0.395937,6.06218,2.12102
284,0.142,0.860829,0.398051,6.06218,2.11124
286,0.143,0.866891,0.400155,6.06218,2.10146
288,0.144,0.872954,0.402249,6.06218,2.09168
290,0.145,0.879016,0.404333,6.06218,2.0819
292,0.146,0.885078,0.406408,6.06218,2.07212
294,0.147,0.89114,0.408473,6.06218,2.06234
296,0.148,0.897202,0.410528,6.06218,2.05256
298,0.149,0.903264,0.412573,6.06218,2.04278
300,0.15,0.909327,0.414608,6.06218,2.033
302,0.151,0.915389,0.416634,6.06218,2.02322
304,0.152,0.921451,0.41865,6.06218,2.01344
306,0.153,0.927513,0.420656,6.06218,2.00366
308,0.154,0.933575,0.422652,6.06218,1.99388
310,0.155,0.939638,0.424639,6.06218,1.9841
312,0.156,0.9457,0.426616,6.06218,1.97432
314,0.157,0.951762,0.428583,6.06218,1.96454
316,0.158,0.957824,0.43054,6.06218,1.95476
318,0.159,0.963886,0.432487,6.06218,1.94498
320,0.16,0.969948,0.434425,6.06218,1.9352
322,0.161,0.976011,0.436353,6.06218,1.92542
324,0.162,0.982073,0.438271,6.06218,1.91564
326,0.163,0.988135,0.440179,6.06218,1.90586
328,0.164,0.994197,0.442078,6.06218,1.89608
330,0.165,1.00026,0.443966,6.06218,1.8863
332,0.166,1.00632,0.445845,6.06218,1.87652
334,0.167,1.01238,0.447714,6.06218,1.86674
336,0.168,1.01845,0.449574,6.06218,1.85696
338,0.169,1.02451,0.451424,6.06218,1.84718
340,0.17,1.03057,0.453263,6.06218,1.8374
342,0.171,1.03663,0.455093,6.06218,1.82762
344,0.172,1.04269,0.456914,6.06218,1.81784
346,0.173,1.04876,0.458724,6.06218,1.80806
348,0.174,1.05482,0.460525,6.06218,1.79828
350,0.175,1.06088,0.462316,6.06218,1.7885
352,0.176,1.06694,0.464097,6.06218,1.77872
354,0.177,1.07301,0.465868,6.06218,1.76894
356,0.178,1.07907,0.46763,6.06218,1.75916
358,0.179,1.08513,0.469382,6.06218,1.74938
360,0.18,1.09119,0.471124,6.06218,1.7396
362,0.181,1.09725,0.472856,6.06218,1.72982
364,0.182,1.10332,0.474579,6.06218,1.72004
366,0.183,1.10938,0.476291,6.06218,1.71026
368,0.184,1.11544,0.477994,6.06218,1.70048
370,0.185,1.1215,0.479687,6.06218,1.6907
372,0.186,1.12757,0.481371,6.06218,1.68092
374,0.187,1.13363,0.483044,6.06218,1.67114
376,0.188,1.13969,0.484708,6.06218,1.66136
378,0.189,1.14575,0.486362,6.06218,1.65158
380,0.19,1.15181,0.488006,6.06218,1.6418
382,0.191,1.15788,0.489641,6.06218,1.63202
384,0.192,1.16394,0.491266,6.06218,1.62224
386,0.193,1.17,0.492881,6.06218,1.61246
388,0.194,1.17606,0.494486,6.06218,1.60268
390,0.195,1.18212,0.496081,6.06218,1.5929
392,0.196,1.18819,0.497667,6.06218,1.58312
394,0.197,1.19425,0.499242,6.06218,1.57334
396,0.198,1.20031,0.500808,6.06218,1.56356
398,0.199,1.20637,0.502365,6.06218,1.55378
400,0.2,1.21244,0.503911,6.06218,1.544
402,0.201,1.2185,0.505448,6.06218,1.53422
404,0.202,1.22456,0.506975,6.06218,1.52444
406,0.203,1.23062,0.508492,6.06218,1.51466
408,0.204,1.23668,0.509999,6.06218,1.50488
410,0.205,1.24275,0.511497,6.06218,1.4951
412,0.206,1.24881,0.512984,6.06218,1.48532
414,0.207,1.25487,0.514462,6.06218,1.47554
416,0.208,1.26093,0.51593,6.06218,1.46576
418,0.209,1.267,0.517389,6.06218,1.45598
420,0.21,1.27306,0.518838,6.06218,1.4462
422,0.211,1.27912,0.520276,6.06218,1.43642
424,0.212,1.28518,0.521705,6.06218,1.42664
426,0.213,1.29124,0.523125,6.06218,1.41686
428,0.214,1.29731,0.524534,6.06218,1.40708
430,0.215,1.30337,0.525934,6.06218,1.3973
432,0.216,1.30943,0.527324,6.06218,1.38752
434,0.217,1.31549,0.528704,6.06218,1.37774
436,0.218,1.32155,0.530075,6.06218,1.36796
438,0.219,1.32762,0.531435,6.06218,1.35818
440,0.22,1.33368,0.532786,6.06218,1.3484
442,0.221,1.33974,0.534127,6.06218,1.33862
444,0.222,1.3458,0.535458,6.06218,1.32884
446,0.223,1.35187,0.53678,6.06218,1.31906
448,0.224,1.35793,0.538092,6.06218,1.30928
450,0.225,1.36399,0.539394,6.06218,1.2995
452,0.226,1.37005,0.540686,6.06218,1.28972
454,0.227,1.37611,0.541968,6.06218,1.27994
456,0.228,1.38218,0.543241,6.06218,1.27016
458,0.229,1.38824,0.544504,6.06218,1.26038
460,0.23,1.3943,0.545757,6.06218,1.2506
462,0.231,1.40036,0.547,6.06218,1.24082
464,0.232,1.40643,0.548233,6.06218,1.23104
466,0.233,1.41249,0.549457,6.06218,1.22126
468,0.234,1.41855,0.550671,6.06218,1.21148
470,0.235,1.42461,0.551875,6.06218,1.2017
472,0.236,1.43067,0.55307,6.06218,1.19192
474,0.237,1.43674,0.554254,6.06218,1.18214
476,0.238,1.4428,0.555429,6.06218,1.17236
478,0.239,1.44886,0.556594,6.06218,1.16258
480,0.24,1.45492,0.557749,6.06218,1.1528
482,0.241,1.46098,0.558895,6.06218,1.14302
484,0.242,1.46705,0.56003,6.06218,1.13324
486,0.243,1.47311,0.561156,6.06218,1.12346
488,0.244,1.47917,0.562272,6.06218,1.11368
490,0.245,1.48523,0.563379,6.06218,1.1039
492,0.246,1.4913,0.564475,6.06218,1.09412
494,0.247,1.49736,0.565562,6.06218,1.08434
496,0.248,1.50342,0.566639,6.06218,1.07456
498,0.249,1.50948,0.567706,6.06218,1.06478
500,0.25,1.51554,0.568764,6.06218,1.055
502,0.251,1.52161,0.569811,6.06218,1.04522
504,0.252,1.52767,0.570849,6.06218,1.03544
506,0.253,1.53373,0.571877,6.06218,1.02566
508,0.254,1.53979,0.572896,6.06218,1.01588
510,0.255,1.54586,0.573904,6.06218,1.0061
512,0.256,1.55192,0.574903,6.06218,0.99632
514,0.257,1.55798,0.575892,6.06218,0.98654
516,0.258,1.56404,0.576871,6.06218,0.97676
518,0.259,1.5701,0.577841,6.06218,0.96698
520,0.26,1.57617,0.5788,6.06218,0.9572
522,0.261,1.58223,0.57975,6.06218,0.94742
524,0.262,1.58829,0.58069,6.06218,0.93764
526,0.263,1.59435,0.581621,6.06218,0.92786
528,0.264,1.60041,0.582541,6.06218,0.91808
530,0.265,1.60648,0.583452,6.06218,0.9083
532,0.266,1.61254,0.584353,6.06218,0.89852
534,0.267,1.6186,0.585244,6.06218,0.88874
536,0.268,1.62466,0.586125,6.06218,0.87896
538,0.269,1.63073,0.586997,6.06218,0.86918
540,0.27,1.63679,0.587859,6.06218,0.8594
542,0.271,1.64285,0.588711,6.06218,0.84962
544,0.272,1.64891,0.589553,6.06218,0.83984
546,0.273,1.65497,0.590386,6.06218,0.83006
548,0.274,1.66104,0.591208,6.06218,0.82028
550,0.275,1.6671,0.592021,6.06218,0.8105
552,0.276,1.67316,0.592825,6.06218,0.80072
554,0.277,1.67922,0.593618,6.06218,0.79094
556,0.278,1.68529,0.594402,6.06218,0.78116
558,0.279,1.69135,0.595175,6.06218,0.77138
560,0.28,1.69741,0.595939,6.06218,0.7616
562,0.281,1.70347,0.596694,6.06218,0.75182
564,0.282,1.70953,0.597438,6.06218,0.74204
566,0.283,1.7156,0.598173,6.06218,0.73226
568,0.284,1.72166,0.598898,6.06218,0.72248
570,0.285,1.72772,0.599613,6.06218,0.7127
572,0.286,1.73378,0.600318,6.06218,0.70292
574,0.287,1.73985,0.601014,6.06218,0.69314
576,0.288,1.74591,0.6017,6.06218,0.68336
578,0.289,1.75197,0.602376,6.06218,0.67358
580,0.29,1.75803,0.603042,6.06218,0.6638
582,0.291,1.76409,0.603698,6.06218,0.65402
584,0.292,1.77016,0.604345,6.06218,0.64424
586,0.293,1.77622,0.604982,6.06218,0.63446
588,0.294,1.78228,0.605609,6.06218,0.62468
590,0.295,1.78834,0.606226,6.06218,0.6149
592,0.296,1.7944,0.606834,6.06218,0.60512
594,0.297,1.80047,0.607432,6.06218,0.59534
596,0.298,1.80653,0.60802,6.06218,0.58556
598,0.299,1.81259,0.608598,6.06218,0.57578
600,0.3,1.81865,0.609166,6.06218,0.566
602,0.301,1.82472,0.609725,6.06218,0.55622
604,0.302,1.83078,0.610274,6.06218,0.54644
606,0.303,1.83684,0.610813,6.06218,0.53666
608,0.304,1.8429,0.611342,6.06218,0.52688
610,0.305,1.84896,0.611862,6.06218,0.5171
612,0.306,1.85503,0.612372,6.06218,0.50732
614,0.307,1.86109,0.612872,6.06218,0.49754
616,0.308,1.86715,0.613362,6.06218,0.48776
618,0.309,1.87321,0.613842,6.06218,0.47798
620,0.31,1.87928,0.614313,6.06218,0.4682
622,0.311,1.88534,0.614774,6.06218,0.45842
624,0.312,1.8914,0.615225,6.06218,0.44864
626,0.313,1.89746,0.615666,6.06218,0.43886
628,0.314,1.90352,0.616098,6.06218,0.42908
630,0.315,1.90959,0.61652,6.06218,0.4193
632,0.316,1.91565,0.616932,6.06218,0.40952
634,0.317,1.92171,0.617334,6.06218,0.39974
636,0.318,1.92777,0.617726,6.06218,0.38996
638,0.319,1.93383,0.618109,6.06218,0.38018
640,0.32,1.9399,0.618482,6.06218,0.3704
642,0.321,1.94596,0.618845,6.06218,0.36062
644,0.322,1.95202,0.619198,6.06218,0.35084
646,0.323,1.95808,0.619541,6.06218,0.34106
648,0.324,1.96415,0.619875,6.06218,0.33128
650,0.325,1.97021,0.620199,6.06218,0.3215
652,0.326,1.97627,0.620513,6.06218,0.31172
654,0.327,1.98233,0.620818,6.06218,0.30194
656,0.328,1.98839,0.621112,6.06218,0.29216
658,0.329,1.99446,0.621397,6.06218,0.28238
660,0.33,2.00052,0.621672,6.06218,0.2726
662,0.331,2.00658,0.621937,6.06218,0.26282
664,0.332,2.01264,0.622193,6.06218,0.25304
666,0.333,2.01871,0.622439,6.06218,0.24326
668,0.334,2.02477,0.622675,6.06218,0.23348
670,0.335,2.03083,0.622901,6.06218,0.2237
672,0.336,2.03689,0.623117,6.06218,0.21392
674,0.337,2.04295,0.623324,6.06218,0.20414
676,0.338,2.04902,0.62352,6.06218,0.19436
678,0.339,2.05508,0.623707,6.06218,0.18458
680,0.34,2.06114,0.623885,6.06218,0.1748
682,0.341,2.0672,0.624052,6.06218,0.16502
684,0.342,2.07326,0.62421,6.06218,0.15524
686,0.343,2.07933,0.624358,6.06218,0.14546
688,0.344,2.08539,0.624496,6.06218,0.13568
690,0.345,2.09145,0.624624,6.06218,0.1259
692,0.346,2.09751,0.624743,6.06218,0.11612
694,0.347,2.10358,0.624852,6.06218,0.10634
696,0.348,2.10964,0.624951,6.06218,0.09656
698,0.349,2.1157,0.62504,6.06218,0.08678
700,0.35,2.12176,0.625119,6.06218,0.077
702,0.351,2.12782,0.625189,6.06218,0.06722
704,0.352,2.13389,0.625249,6.06218,0.05744
706,0.353,2.13995,0.625299,6.06218,0.04766
708,0.354,2.14601,0.625339,6.06218,0.03788
710,0.355,2.15207,0.62537,6.06218,0.0281
712,0.356,2.15814,0.625391,6.06218,0.01832
714,0.357,2.1642,0.625402,6.06218,0.00854
716,0.358,2.17026,0.625403,6.06218,-0.00124
718,0.359,2.17632,0.625394,6.06218,-0.01102
720,0.36,2.18238,0.625376,6.06218,-0.0208
722,0.361,2.18845,0.625348,6.06218,-0.03058
724,0.362,2.19451,0.62531,6.06218,-0.04036
726,0.363,2.20057,0.625262,6.06218,-0.05014
728,0.364,2.20663,0.625205,6.06218,-0.05992
730,0.365,2.21269,0.625137,6.06218,-0.0697
732,0.366,2.21876,0.62506,6.06218,-0.07948
734,0.367,2.22482,0.624973,6.06218,-0.08926
736,0.368,2.23088,0.624877,6.06218,-0.09904
738,0.369,2.23694,0.624771,6.06218,-0.10882
740,0.37,2.24301,0.624654,6.06218,-0.1186
742,0.371,2.24907,0.624528,6.06218,-0.12838
744,0.372,2.25513,0.624393,6.06218,-0.13816
746,0.373,2.26119,0.624247,6.06218,-0.14794
748,0.374,2.26725,0.624092,6.06218,-0.15772
750,0.375,2.27332,0.623927,6.06218,-0.1675
752,0.376,2.27938,0.623752,6.06218,-0.17728
754,0.377,2.28544,0.623567,6.06218,-0.18706
756,0.378,2.2915,0.623373,6.06218,-0.19684
758,0.379,2.29757,0.623169,6.06218,-0.20662
760,0.38,2.30363,0.622955,6.06218,-0.2164
762,0.381,2.30969,0.622731,6.06218,-0.22618
764,0.382,2.31575,0.622498,6.06218,-0.23596
766,0.383,2.32181,0.622254,6.06218,-0.24574
768,0.384,2.32788,0.622001,6.06218,-0.25552
770,0.385,2.33394,0.621738,6.06218,-0.2653
772,0.386,2.34,0.621466,6.06218,-0.27508
774,0.387,2.34606,0.621183,6.06218,-0.28486
776,0.388,2.35212,0.620891,6.06218,-0.29464
778,0.389,2.35819,0.620589,6.06218,-0.30442
780,0.39,2.36425,0.620277,6.06218,-0.3142
782,0.391,2.37031,0.619956,6.06218,-0.32398
784,0.392,2.37637,0.619625,6.06218,-0.33376
786,0.393,2.38244,0.619284,6.06218,-0.34354
788,0.394,2.3885,0.618933,6.06218,-0.35332
790,0.395,2.39456,0.618572,6.06218,-0.3631
792,0.396,2.40062,0.618202,6.06218,-0.37288
794,0.397,2.40668,0.617821,6.06218,-0.38266
796,0.398,2.41275,0.617431,6.06218,-0.39244
798,0.399,2.41881,0.617032,6.06218,-0.40222
800,0.4,2.42487,0.616622,6.06218,-0.412
802,0.401,2.43093,0.616203,6.06218,-0.42178
804,0.402,2.437,0.615774,6.06218,-0.43156
806,0.403,2.44306,0.615335,6.06218,-0.44134
808,0.404,2.44912,0.614886,6.06218,-0.45112
810,0.405,2.45518,0.614428,6.06218,-0.4609
812,0.406,2.46124,0.613959,6.06218,-0.47068
814,0.407,2.46731,0.613481,6.06218,-0.48046
816,0.408,2.47337,0.612993,6.06218,-0.49024
818,0.409,2.47943,0.612496,6.06218,-0.50002
820,0.41,2.48549,0.611989,6.06218,-0.5098
822,0.411,2.49156,0.611471,6.06218,-0.51958
824,0.412,2.49762,0.610944,6.06218,-0.52936
826,0.413,2.50368,0.610408,6.06218,-0.53914
828,0.414,2.50974,0.609861,6.06218,-0.54892
830,0.415,2.5158,0.609305,6.06218,-0.5587
832,0.416,2.52187,0.608739,6.06218,-0.56848
834,0.417,2.52793,0.608163,6.06218,-0.57826
836,0.418,2.53399,0.607578,6.06218,-0.58804
838,0.419,2.54005,0.606982,6.06218,-0.59782
840,0.42,2.54611,0.606377,6.06218,-0.6076
842,0.421,2.55218,0.605762,6.06218,-0.61738
844,0.422,2.55824,0.605137,6.06218,-0.62716
846,0.423,2.5643,0.604503,6.06218,-0.63694
848,0.424,2.57036,0.603859,6.06218,-0.64672
850,0.425,2.57643,0.603205,6.06218,-0.6565
852,0.426,2.58249,0.602541,6.06218,-0.66628
854,0.427,2.58855,0.601867,6.06218,-0.67606
856,0.428,2.59461,0.601184,6.06218,-0.68584
858,0.429,2.60067,0.600491,6.06218,-0.69562
860,0.43,2.60674,0.599788,6.06218,-0.7054
862,0.431,2.6128,0.599075,6.06218,-0.71518
864,0.432,2.61886,0.598352,6.06218,-0.72496
866,0.433,2.62492,0.59762,6.06218,-0.73474
868,0.434,2.63099,0.596878,6.06218,-0.74452
870,0.435,2.63705,0.596126,6.06218,-0.7543
872,0.436,2.64311,0.595365,6.06218,-0.76408
874,0.437,2.64917,0.594593,6.06218,-0.77386
876,0.438,2.65523,0.593812,6.06218,-0.78364
878,0.439,2.6613,0.593021,6.06218,-0.79342
880,0.44,2.66736,0.59222,6.06218,-0.8032
882,0.441,2.67342,0.59141,6.06218,-0.81298
884,0.442,2.67948,0.590589,6.06218,-0.82276
886,0.443,2.68554,0.589759,6.06218,-0.83254
888,0.444,2.69161,0.588919,6.06218,-0.84232
890,0.445,2.69767,0.58807,6.06218,-0.8521
892,0.446,2.70373,0.58721,6.06218,-0.86188
894,0.447,2.70979,0.586341,6.06218,-0.87166
896,0.448,2.71586,0.585462,6.06218,-0.88144
898,0.449,2.72192,0.584573,6.06218,-0.89122
900,0.45,2.72798,0.583675,6.06218,-0.901
902,0.451,2.73404,0.582766,6.06218,-0.91078
904,0.452,2.7401,0.581848,6.06218,-0.92056
906,0.453,2.74617,0.58092,6.06218,-0.93034
908,0.454,2.75223,0.579983,6.06218,-0.94012
910,0.455,2.75829,0.579035,6.06218,-0.9499
912,0.456,2.76435,0.578078,6.06218,-0.95968
914,0.457,2.77042,0.577111,6.06218,-0.96946
916,0.458,2.77648,0.576134,6.06218,-0.97924
918,0.459,2.78254,0.575148,6.06218,-0.98902
920,0.46,2.7886,0.574151,6.06218,-0.9988
922,0.461,2.79466,0.573145,6.06218,-1.00858
924,0.462,2.80073,0.572129,6.06218,-1.01836
926,0.463,2.80679,0.571104,6.06218,-1.02814
928,0.464,2.81285,0.570068,6.06218,-1.03792
930,0.465,2.81891,0.569023,6.06218,-1.0477
932,0.466,2.82497,0.567968,6.06218,-1.05748
934,0.467,2.83104,0.566903,6.06218,-1.06726
936,0.468,2.8371,0.565828,6.06218,-1.07704
938,0.469,2.84316,0.564744,6.06218,-1.08682
940,0.47,2.84922,0.56365,6.06218,-1.0966
942,0.471,2.85529,0.562546,6.06218,-1.10638
944,0.472,2.86135,0.561432,6.06218,-1.11616
946,0.473,2.86741,0.560309,6.06218,-1.12594
948,0.474,2.87347,0.559175,6.06218,-1.13572
950,0.475,2.87953,0.558032,6.06218,-1.1455
952,0.476,2.8856,0.55688,6.06218,-1.15528
954,0.477,2.89166,0.555717,6.06218,-1.16506
956,0.478,2.89772,0.554545,6.06218,-1.17484
958,0.479,2.90378,0.553362,6.06218,-1.18462
960,0.48,2.90985,0.55217,6.06218,-1.1944
962,0.481,2.91591,0.550969,6.06218,-1.20418
964,0.482,2.92197,0.549757,6.06218,-1.21396
966,0.483,2.92803,0.548536,6.06218,-1.22374
968,0.484,2.93409,0.547305,6.06218,-1.23352
970,0.485,2.94016,0.546064,6.06218,-1.2433
972,0.486,2.94622,0.544813,6.06218,-1.25308
974,0.487,2.95228,0.543553,6.06218,-1.26286
976,0.488,2.95834,0.542283,6.06218,-1.27264
978,0.489,2.9644,0.541003,6.06218,-1.28242
980,0.49,2.97047,0.539713,6.06218,-1.2922
982,0.491,2.97653,0.538413,6.06218,-1.30198
984,0.492,2.98259,0.537104,6.06218,-1.31176
986,0.493,2.98865,0.535785,6.06218,-1.32154
988,0.494,2.99472,0.534456,6.06218,-1.33132
990,0.495,3.00078,0.533117,6.06218,-1.3411
992,0.496,3.00684,0.531769,6.06218,-1.35088
994,0.497,3.0129,0.530411,6.06218,-1.36066
996,0.498,3.01896,0.529043,6.06218,-1.37044
998,0.499,3.02503,0.527665,6.06218,-1.38022
1000,0.5,3.03109,0.526277,6.06218,-1.39
1002,0.501,3.03715,0.52488,6.06218,-1.39978
1004,0.502,3.04321,0.523473,6.06218,-1.40956
1006,0.503,3.04928,0.522056,6.06218,-1.41934
1008,0.504,3.05534,0.520629,6.06218,-1.42912
1010,0.505,3.0614,0.519193,6.06218,-1.4389
1012,0.506,3.06746,0.517747,6.06218,-1.44868
1014,0.507,3.07352,0.516291,6.06218,-1.45846
1016,0.508,3.07959,0.514825,6.06218,-1.46824
1018,0.509,3.08565,0.513349,6.06218,-1.47802
1020,0.51,3.09171,0.511864,6.06218,-1.4878
1022,0.511,3.09777,0.510369,6.06218,-1.49758
1024,0.512,3.10384,0.508864,6.06218,-1.50736
1026,0.513,3.1099,0.507349,6.06218,-1.51714
1028,0.514,3.11596,0.505825,6.06218,-1.52692
1030,0.515,3.12202,0.504291,6.06218,-1.5367
1032,0.516,3.12808,0.502747,6.06218,-1.54648
1034,0.517,3.13415,0.501193,6.06218,-1.55626
1036,0.518,3.14021,0.499629,6.06218,-1.56604
1038,0.519,3.14627,0.498056,6.06218,-1.57582
1040,0.52,3.15233,0.496473,6.06218,-1.5856
1042,0.521,3.15839,0.49488,6.06218,-1.59538
1044,0.522,3.16446,0.493277,6.06218,-1.60516
1046,0.523,3.17052,0.491664,6.06218,-1.61494
1048,0.524,3.17658,0.490042,6.06218,-1.62472
1050,0.525,3.18264,0.48841,6.06218,-1.6345
1052,0.526,3.18871,0.486768,6.06218,-1.64428
1054,0.527,3.19477,0.485117,6.06218,-1.65406
1056,0.528,3.20083,0.483455,6.06218,-1.66384
1058,0.529,3.20689,0.481784,6.06218,-1.67362
1060,0.53,3.21295,0.480103,6.06218,-1.6834
1062,0.531,3.21902,0.478412,6.06218,-1.69318
1064,0.532,3.22508,0.476712,6.06218,-1.70296
1066,0.533,3.23114,0.475002,6.06218,-1.71274
1068,0.534,3.2372,0.473282,6.06218,-1.72252
1070,0.535,3.24327,0.471552,6.06218,-1.7323
1072,0.536,3.24933,0.469812,6.06218,-1.74208
1074,0.537,3.25539,0.468063,6.06218,-1.75186
1076,0.538,3.26145,0.466303,6.06218,-1.76164
1078,0.539,3.26751,0.464534,6.06218,-1.77142
1080,0.54,3.27358,0.462756,6.06218,-1.7812
1082,0.541,3.27964,0.460967,6.06218,-1.79098
1084,0.542,3.2857,0.459169,6.06218,-1.80076
1086,0.543,3.29176,0.457361,6.06218,-1.81054
1088,0.544,3.29782,0.455543,6.06218,-1.82032
1090,0.545,3.30389,0.453715,6.06218,-1.8301
1092,0.546,3.30995,0.451878,6.06218,-1.83988
1094,0.547,3.31601,0.450031,6.06218,-1.84966
1096,0.548,3.32207,0.448174,6.06218,-1.85944
1098,0.549,3.32814,0.446307,6.06218,-1.86922
1100,0.55,3.3342,0.44443,6.06218,-1.879
1102,0.551,3.34026,0.442544,6.06218,-1.88878
1104,0.552,3.34632,0.440648,6.06218,-1.89856
1106,0.553,3.35238,0.438742,6.06218,-1.90834
1108,0.554,3.35845,0.436826,6.06218,-1.91812
1110,0.555,3.36451,0.434901,6.06218,-1.9279
1112,0.556,3.37057,0.432966,6.06218,-1.93768
1114,0.557,3.37663,0.431021,6.06218,-1.94746
1116,0.558,3.3827,0.429066,6.06218,-1.95724
1118,0.559,3.38876,0.427101,6.06218,-1.96702
1120,0.56,3.39482,0.425127,6.06218,-1.9768
1122,0.561,3.40088,0.423143,6.06218,-1.98658
1124,0.562,3.40694,0.421149,6.06218,-1.99636
1126,0.563,3.41301,0.419145,6.06218,-2.00614
1128,0.564,3.41907,0.417132,6.06218,-2.01592
1130,0.565,3.42513,0.415108,6.06218,-2.0257
1132,0.566,3.43119,0.413075,6.06218,-2.03548
1134,0.567,3.43725,0.411032,6.06218,-2.04526
1136,0.568,3.44332,0.40898,6.06218,-2.05504
1138,0.569,3.44938,0.406918,6.06218,-2.06482
1140,0.57,3.45544,0.404845,6.06218,-2.0746
1142,0.571,3.4615,0.402763,6.06218,-2.08438
1144,0.572,3.46757,0.400672,6.06218,-2.09416
1146,0.573,3.47363,0.39857,6.06218,-2.10394
1148,0.574,3.47969,0.396459,6.06218,-2.11372
1150,0.575,3.48575,0.394338,6.06218,-2.1235
1152,0.576,3.49181,0.392207,6.06218,-2.13328
1154,0.577,3.49788,0.390066,6.06218,-2.14306
1156,0.578,3.50394,0.387916,6.06218,-2.15284
1158,0.579,3.51,0.385756,6.06218,-2.16262
1160,0.58,3.51606,0.383586,6.06218,-2.1724
1162,0.581,3.52213,0.381406,6.06218,-2.18218
1164,0.582,3.52819,0.379217,6.06218,-2.19196
1166,0.583,3.53425,0.377017,6.06218,-2.20174
1168,0.584,3.54031,0.374808,6.06218,-2.21152
1170,0.585,3.54637,0.372589,6.06218,-2.2213
1172,0.586,3.55244,0.370361,6.06218,-2.23108
1174,0.587,3.5585,0.368122,6.06218,-2.24086
1176,0.588,3.56456,0.365874,6.06218,-2.25064
1178,0.589,3.57062,0.363616,6.06218,-2.26042
1180,0.59,3.57668,0.361348,6.06218,-2.2702
1182,0.591,3.58275,0.359071,6.06218,-2.27998
1184,0.592,3.58881,0.356784,6.06218,-2.28976
1186,0.593,3.59487,0.354487,6.06218,-2.29954
1188,0.594,3.60093,0.35218,6.06218,-2.30932
1190,0.595,3.607,0.349863,6.06218,-2.3191
1192,0.596,3.61306,0.347537,6.06218,-2.32888
1194,0.597,3.61912,0.3452,6.06218,-2.33866
1196,0.598,3.62518,0.342854,6.06218,-2.34844
1198,0.599,3.63124,0.340499,6.06218,-2.35822
1200,0.6,3.63731,0.338133,6.06218,-2.368
1202,0.601,3.64337,0.335758,6.06218,-2.37778
1204,0.602,3.64943,0.333373,6.06218,-2.38756
1206,0.603,3.65549,0.330978,6.06218,-2.39734
1208,0.604,3.66156,0.328573,6.06218,-2.40712
1210,0.605,3.66762,0.326159,6.06218,-2.4169
1212,0.606,3.67368,0.323734,6.06218,-2.42668
1214,0.607,3.67974,0.3213,6.06218,-2.43646
1216,0.608,3.6858,0.318856,6.06218,-2.44624
1218,0.609,3.69187,0.316403,6.06218,-2.45602
1220,0.61,3.69793,0.31394,6.06218,-2.4658
1222,0.611,3.70399,0.311466,6.06218,-2.47558
1224,0.612,3.71005,0.308983,6.06218,-2.48536
1226,0.613,3.71612,0.306491,6.06218,-2.49514
1228,0.614,3.72218,0.303988,6.06218,-2.50492
1230,0.615,3.72824,0.301476,6.06218,-2.5147
1232,0.616,3.7343,0.298954,6.06218,-2.52448
1234,0.617,3.74036,0.296422,6.06218,-2.53426
1236,0.618,3.74643,0.293881,6.06218,-2.54404
1238,0.619,3.75249,0.291329,6.06218,-2.55382
1240,0.62,3.75855,0.288768,6.06218,-2.5636
1242,0.621,3.76461,0.286197,6.06218,-2.57338
1244,0.622,3.77067,0.283616,6.06218,-2.58316
1246,0.623,3.77674,0.281026,6.06218,-2.59294
1248,0.624,3.7828,0.278426,6.06218,-2.60272
1250,0.625,3.78886,0.275816,6.06218,-2.6125
1252,0.626,3.79492,0.273196,6.06218,-2.62228
1254,0.627,3.80099,0.270566,6.06218,-2.63206
1256,0.628,3.80705,0.267927,6.06218,-2.64184
1258,0.629,3.81311,0.265278,6.06218,-2.65162
1260,0.63,3.81917,0.262619,6.06218,-2.6614
1262,0.631,3.82523,0.25995,6.06218,-2.67118
1264,0.632,3.8313,0.257271,6.06218,-2.68096
1266,0.633,3.83736,0.254583,6.06218,-2.69074
1268,0.634,3.84342,0.251885,6.06218,-2.70052
1270,0.635,3.84948,0.249177,6.06218,-2.7103
1272,0.636,3.85555,0.24646,6.06218,-2.72008
1274,0.637,3.86161,0.243732,6.06218,-2.72986
1276,0.638,3.86767,0.240995,6.06218,-2.73964
1278,0.639,3.87373,0.238248,6.06218,-2.74942
1280,0.64,3.87979,0.235491,6.06218,-2.7592
1282,0.641,3.88586,0.232725,6.06218,-2.76898
1284,0.642,3.89192,0.229948,6.06218,-2.77876
1286,0.643,3.89798,0.227162,6.06218,-2.78854
1288,0.644,3.90404,0.224366,6.06218,-2.79832
1290,0.645,3.9101,0.221561,6.06218,-2.8081
1292,0.646,3.91617,0.218745,6.06218,-2.81788
1294,0.647,3.92223,0.21592,6.06218,-2.82766
1296,0.648,3.92829,0.213085,6.06218,-2.83744
1298,0.649,3.93435,0.21024,6.06218,-2.84722
1300,0.65,3.94042,0.207386,6.06218,-2.857
1302,0.651,3.94648,0.204521,6.06218,-2.86678
1304,0.652,3.95254,0.201647,6.06218,-2.87656
1306,0.653,3.9586,0.198763,6.06218,-2.88634
1308,0.654,3.96466,0.19587,6.06218,-2.89612
1310,0.655,3.97073,0.192966,6.06218,-2.9059
1312,0.656,3.97679,0.190053,6.06218,-2.91568
1314,0.657,3.98285,0.18713,6.06218,-2.92546
1316,0.658,3.98891,0.184197,6.06218,-2.93524
1318,0.659,3.99498,0.181255,6.06218,-2.94502
1320,0.66,4.00104,0.178302,6.06218,-2.9548
1322,0.661,4.0071,0.17534,6.06218,-2.96458
1324,0.662,4.01316,0.172368,6.06218,-2.97436
1326,0.663,4.01922,0.169387,6.06218,-2.98414
1328,0.664,4.02529,0.166395,6.06218,-2.99392
1330,0.665,4.03135,0.163394,6.06218,-3.0037
1332,0.666,4.03741,0.160383,6.06218,-3.01348
1334,0.667,4.04347,0.157362,6.06218,-3.02326
1336,0.668,4.04953,0.154331,6.06218,-3.03304
1338,0.669,4.0556,0.151291,6.06218,-3.04282
1340,0.67,4.06166,0.148241,6.06218,-3.0526
1342,0.671,4.06772,0.145181,6.06218,-3.06238
1344,0.672,4.07378,0.142111,6.06218,-3.07216
1346,0.673,4.07985,0.139032,6.06218,-3.08194
1348,0.674,4.08591,0.135942,6.06218,-3.09172
1350,0.675,4.09197,0.132843,6.06218,-3.1015
1352,0.676,4.09803,0.129735,6.06218,-3.11128
1354,0.677,4.10409,0.126616,6.06218,-3.12106
1356,0.678,4.11016,0.123488,6.06218,-3.13084
1358,0.679,4.11622,0.120349,6.06218,-3.14062
1360,0.68,4.12228,0.117201,6.06218,-3.1504
1362,0.681,4.12834,0.114044,6.06218,-3.16018
1364,0.682,4.13441,0.110876,6.06218,-3.16996
1366,0.683,4.14047,0.107699,6.06218,-3.17974
1368,0.684,4.14653,0.104512,6.06218,-3.18952
1370,0.685,4.15259,0.101315,6.06218,-3.1993
1372,0.686,4.15865,0.0981083,6.06218,-3.20908
1374,0.687,4.16472,0.0948919,6.06218,-3.21886
1376,0.688,4.17078,0.0916657,6.06218,-3.22864
1378,0.689,4.17684,0.0884297,6.06218,-3.23842
1380,0.69,4.1829,0.0851839,6.06218,-3.2482
1382,0.691,4.18896,0.0819284,6.06218,-3.25798
1384,0.692,4.19503,0.0786631,6.06218,-3.26776
1386,0.693,4.20109,0.075388,6.06218,-3.27754
1388,0.694,4.20715,0.0721031,6.06218,-3.28732
1390,0.695,4.21321,0.0688085,6.06218,-3.2971
1392,0.696,4.21928,0.065504,6.06218,-3.30688
1394,0.697,4.22534,0.0621898,6.06218,-3.31666
1396,0.698,4.2314,0.0588658,6.06218,-3.32644
1398,0.699,4.23746,0.0555321,6.06218,-3.33622
1400,0.7,4.24352,0.0521885,6.06218,-3.346
1402,0.701,4.24959,0.0488352,6.06218,-3.35578
1404,0.702,4.25565,0.045472,6.06218,-3.36556
1406,0.703,4.26171,0.0420992,6.06218,-3.37534
1408,0.704,4.26777,0.0387165,6.06218,-3.38512
1410,0.705,4.27384,0.035324,6.06218,-3.3949
1412,0.706,4.2799,0.0319218,6.06218,-3.40468
1414,0.707,4.28596,0.0285098,6.06218,-3.41446
1416,0.708,4.29202,0.025088,6.06218,-3.42424
1418,0.709,4.29808,0.0216564,6.06218,-3.43402
1420,0.71,4.30415,0.018215,6.06218,-3.4438
1422,0.711,4.31021,0.0147639,6.06218,-3.45358
1424,0.712,4.31627,0.011303,6.06218,-3.46336
1426,0.713,4.32233,0.0078323,6.06218,-3.47314
1428,0.714,4.32839,0.00435183,6.06218,-3.48292
1430,0.715,4.33446,0.000861572,6.06218,-3.4927
1432,0.716,4.34052,-0.00263846,6.06218,-3.50248
1434,0.717,4.34658,-0.00614828,6.06218,-3.51226
1436,0.718,4.35264,-0.00966787,6.06218,-3.52204
1438,0.719,4.35871,-0.0131972,6.06218,-3.53182
1440,0.72,4.36477,-0.0167364,6.06218,-3.5416
1442,0.721,4.37083,-0.0202853,6.06218,-3.55138
1444,0.722,4.37689,-0.0238441,6.06218,-3.56116
1446,0.723,4.38295,-0.0274125,6.06218,-3.57094
1448,0.724,4.38902,-0.0309908,6.06218,-3.58072
1450,0.725,4.39508,-0.0345789,6.06218,-3.5905
1452,0.726,4.40114,-0.0381767,6.06218,-3.60028
1454,0.727,4.4072,-0.0417843,6.06218,-3.61006
1456,0.728,4.41327,-0.0454017,6.06218,-3.61984
1458,0.729,4.41933,-0.0490289,6.06218,-3.62962
1460,0.73,4.42539,-0.0526659,6.06218,-3.6394
1462,0.731,4.43145,-0.0563126,6.06218,-3.64918
1464,0.732,4.43751,-0.0599691,6.06218,-3.65896
1466,0.733,4.44358,-0.0636354,6.06218,-3.66874
1468,0.734,4.44964,-0.0673115,6.06218,-3.67852
1470,0.735,4.4557,-0.0709973,6.06218,-3.6883
1472,0.736,4.46176,-0.074693,6.06218,-3.69808
1474,0.737,4.46783,-0.0783984,6.06218,-3.70786
1476,0.738,4.47389,-0.0821136,6.06218,-3.71764
1478,0.739,4.47995,-0.0858385,6.06218,-3.72742
1480,0.74,4.48601,-0.0895733,6.06218,-3.7372
1482,0.741,4.49207,-0.0933178,6.06218,-3.74698
1484,0.742,4.49814,-0.0970722,6.06218,-3.75676
1486,0.743,4.5042,-0.100836,6.06218,-3.76654
1488,0.744,4.51026,-0.10461,6.06218,-3.77632
1490,0.745,4.51632,-0.108394,6.06218,-3.7861
1492,0.746,4.52238,-0.112187,6.06218,-3.79588
1494,0.747,4.52845,-0.11599,6.06218,-3.80566
1496,0.748,4.53451,-0.119803,6.06218,-3.81544
1498,0.749,4.54057,-0.123626,6.06218,-3.82522
1500,0.75,4.54663,-0.127459,6.06218,-3.835
1502,0.751,4.5527,-0.131301,6.06218,-3.84478
1504,0.752,4.55876,-0.135153,6.06218,-3.85456
1506,0.753,4.56482,-0.139015,6.06218,-3.86434
1508,0.754,4.57088,-0.142887,6.06218,-3.87412
1510,0.755,4.57694,-0.146768,6.06218,-3.8839
1512,0.756,4.58301,-0.150659,6.06218,-3.89368
1514,0.757,4.58907,-0.15456,6.06218,-3.90346
1516,0.758,4.59513,-0.158471,6.06218,-3.91324
1518,0.759,4.60119,-0.162392,6.06218,-3.92302
1520,0.76,4.60726,-0.166322,6.06218,-3.9328
1522,0.761,4.61332,-0.170262,6.06218,-3.94258
1524,0.762,4.61938,-0.174212,6.06218,-3.95236
1526,0.763,4.62544,-0.178172,6.06218,-3.96214
1528,0.764,4.6315,-0.182141,6.06218,-3.97192
1530,0.765,4.63757,-0.186121,6.06218,-3.9817
1532,0.766,4.64363,-0.19011,6.06218,-3.99148
1534,0.767,4.64969,-0.194109,6.06218,-4.00126
1536,0.768,4.65575,-0.198117,6.06218,-4.01104
1538,0.769,4.66181,-0.202135,6.06218,-4.02082
1540,0.77,4.66788,-0.206164,6.06218,-4.0306
1542,0.771,4.67394,-0.210202,6.06218,-4.04038
1544,0.772,4.68,-0.214249,6.06218,-4.05016
1546,0.773,4.68606,-0.218307,6.06218,-4.05994
1548,0.774,4.69213,-0.222374,6.06218,-4.06972
1550,0.775,4.69819,-0.226451,6.06218,-4.0795
1552,0.776,4.70425,-0.230538,6.06218,-4.08928
1554,0.777,4.71031,-0.234635,6.06218,-4.09906
1556,0.778,4.71637,-0.238741,6.06218,-4.10884
1558,0.779,4.72244,-0.242857,6.06218,-4.11862
1560,0.78,4.7285,-0.246983,6.06218,-4.1284
1562,0.781,4.73456,-0.251119,6.06218,-4.13818
1564,0.782,4.74062,-0.255264,6.06218,-4.14796
1566,0.783,4.74669,-0.25942,6.06218,-4.15774
1568,0.784,4.75275,-0.263585,6.06218,-4.16752
1570,0.785,4.75881,-0.26776,6.06218,-4.1773
1572,0.786,4.76487,-0.271944,6.06218,-4.18708
1574,0.787,4.77093,-0.276139,6.06218,-4.19686
1576,0.788,4.777,-0.280343,6.06218,-4.20664
1578,0.789,4.78306,-0.284557,6.06218,-4.21642
1580,0.79,4.78912,-0.288781,6.06218,-4.2262
1582,0.791,4.79518,-0.293014,6.06218,-4.23598
1584,0.792,4.80124,-0.297257,6.06218,-4.24576
1586,0.793,4.80731,-0.30151,6.06218,-4.25554
1588,0.794,4.81337,-0.305773,6.06218,-4.26532
1590,0.795,4.81943,-0.310046,6.06218,-4.2751
1592,0.796,4.82549,-0.314328,6.06218,-4.28488
1594,0.797,4.83156,-0.318621,6.06218,-4.29466
1596,0.798,4.83762,-0.322923,6.06218,-4.30444
1598,0.799,4.84368,-0.327234,6.06218,-4.31422
1600,0.8,4.84974,-0.331556,6.06218,-4.324
1602,0.801,4.8558,-0.335887,6.06218,-4.33378
1604,0.802,4.86187,-0.340228,6.06218,-4.34356
1606,0.803,4.86793,-0.344579,6.06218,-4.35334
1608,0.804,4.87399,-0.34894,6.06218,-4.36312
1610,0.805,4.88005,-0.35331,6.06218,-4.3729
1612,0.806,4.88612,-0.357691,6.06218,-4.38268
1614,0.807,4.89218,-0.362081,6.06218,-4.39246
1616,0.808,4.89824,-0.366481,6.06218,-4.40224
1618,0.809,4.9043,-0.37089,6.06218,-4.41202
1620,0.81,4.91036,-0.375309,6.06218,-4.4218
1622,0.811,4.91643,-0.379739,6.06218,-4.43158
1624,0.812,4.92249,-0.384178,6.06218,-4.44136
1626,0.813,4.92855,-0.388626,6.06218,-4.45114
1628,0.814,4.93461,-0.393085,6.06218,-4.46092
1630,0.815,4.94067,-0.397553,6.06218,-4.4707
1632,0.816,4.94674,-0.402031,6.06218,-4.48048
1634,0.817,4.9528,-0.406519,6.06218,-4.49026
1636,0.818,4.95886,-0.411016,6.06218,-4.50004
1638,0.819,4.96492,-0.415524,6.06218,-4.50982
1640,0.82,4.97099,-0.420041,6.06218,-4.5196
1642,0.821,4.97705,-0.424568,6.06218,-4.52938
1644,0.822,4.98311,-0.429105,6.06218,-4.53916
1646,0.823,4.98917,-0.433651,6.06218,-4.54894
1648,0.824,4.99523,-0.438207,6.06218,-4.55872
1650,0.825,5.0013,-0.442773,6.06218,-4.5685
1652,0.826,5.00736,-0.447349,6.06218,-4.57828
1654,0.827,5.01342,-0.451935,6.06218,-4.58806
1656,0.828,5.01948,-0.45653,6.06218,-4.59784
1658,0.829,5.02555,-0.461135,6.06218,-4.60762
1660,0.83,5.03161,-0.46575,6.06218,-4.6174
1662,0.831,5.03767,-0.470375,6.06218,-4.62718
1664,0.832,5.04373,-0.47501,6.06218,-4.63696
1666,0.833,5.04979,-0.479654,6.06218,-4.64674
1668,0.834,5.05586,-0.484308,6.06218,-4.65652
1670,0.835,5.06192,-0.488972,6.06218,-4.6663
1672,0.836,5.06798,-0.493645,6.06218,-4.67608
1674,0.837,5.07404,-0.498329,6.06218,-4.68586
1676,0.838,5.08011,-0.503022,6.06218,-4.69564
1678,0.839,5.08617,-0.507725,6.06218,-4.70542
1680,0.84,5.09223,-0.512438,6.06218,-4.7152
1682,0.841,5.09829,-0.51716,6.06218,-4.72498
1684,0.842,5.10435,-0.521893,6.06218,-4.73476
1686,0.843,5.11042,-0.526635,6.06218,-4.74454
1688,0.844,5.11648,-0.531387,6.06218,-4.75432
1690,0.845,5.12254,-0.536148,6.06218,-4.7641
1692,0.846,5.1286,-0.54092,6.06218,-4.77388
1694,0.847,5.13466,-0.545701,6.06218,-4.78366
1696,0.848,5.14073,-0.550492,6.06218,-4.79344
1698,0.849,5.14679,-0.555293,6.06218,-4.80322
1700,0.85,5.15285,-0.560103,6.06218,-4.813
1702,0.851,5.15891,-0.564924,6.06218,-4.82278
1704,0.852,5.16498,-0.569754,6.06218,-4.83256
1706,0.853,5.17104,-0.574594,6.06218,-4.84234
1708,0.854,5.1771,-0.579443,6.06218,-4.85212
1710,0.855,5.18316,-0.584303,6.06218,-4.8619
1712,0.856,5.18922,-0.589172,6.06218,-4.87168
1714,0.857,5.19529,-0.594051,6.06218,-4.88146
1716,0.858,5.20135,-0.59894,6.06218,-4.89124
1718,0.859,5.20741,-0.603838,6.06218,-4.90102
1720,0.86,5.21347,-0.608747,6.06218,-4.9108
1722,0.861,5.21954,-0.613665,6.06218,-4.92058
1724,0.862,5.2256,-0.618593,6.06218,-4.93036
1726,0.863,5.23166,-0.62353,6.06218,-4.94014
1728,0.864,5.23772,-0.628478,6.06218,-4.94992
1730,0.865,5.24378,-0.633435,6.06218,-4.9597
1732,0.866,5.24985,-0.638402,6.06218,-4.96948
1734,0.867,5.25591,-0.643379,6.06218,-4.97926
1736,0.868,5.26197,-0.648366,6.06218,-4.98904
1738,0.869,5.26803,-0.653362,6.06218,-4.99882
1740,0.87,5.27409,-0.658368,6.06218,-5.0086
1742,0.871,5.28016,-0.663384,6.06218,-5.01838
1744,0.872,5.28622,-0.66841,6.06218,-5.02816
1746,0.873,5.29228,-0.673445,6.06218,-5.03794
1748,0.874,5.29834,-0.678491,6.06218,-5.04772
1750,0.875,5.30441,-0.683546,6.06218,-5.0575
1752,0.876,5.31047,-0.68861,6.06218,-5.06728
1754,0.877,5.31653,-0.693685,6.06218,-5.07706
1756,0.878,5.32259,-0.698769,6.06218,-5.08684
1758,0.879,5.32865,-0.703864,6.06218,-5.09662
1760,0.88,5.33472,-0.708968,6.06218,-5.1064
1762,0.881,5.34078,-0.714081,6.06218,-5.11618
1764,0.882,5.34684,-0.719205,6.06218,-5.12596
1766,0.883,5.3529,-0.724338,6.06218,-5.13574
1768,0.884,5.35897,-0.729481,6.06218,-5.14552
1770,0.885,5.36503,-0.734634,6.06218,-5.1553
1772,0.886,5.37109,-0.739797,6.06218,-5.16508
1774,0.887,5.37715,-0.744969,6.06218,-5.17486
1776,0.888,5.38321,-0.750151,6.06218,-5.18464
1778,0.889,5.38928,-0.755343,6.06218,-5.19442
1780,0.89,5.39534,-0.760545,6.06218,-5.2042
1782,0.891,5.4014,-0.765757,6.06218,-5.21398
1784,0.892,5.40746,-0.770978,6.06218,-5.22376
1786,0.893,5.41352,-0.776209,6.06218,-5.23354
1788,0.894,5.41959,-0.78145,6.06218,-5.24332
1790,0.895,5.42565,-0.786701,6.06218,-5.2531
1792,0.896,5.43171,-0.791961,6.06218,-5.26288
1794,0.897,5.43777,-0.797231,6.06218,-5.27266
1796,0.898,5.44384,-0.802511,6.06218,-5.28244
1798,0.899,5.4499,-0.807801,6.06218,-5.29222
1800,0.9,5.45596,-0.813101,6.06218,-5.302
1802,0.901,5.46202,-0.81841,6.06218,-5.31178
1804,0.902,5.46808,-0.823729,6.06218,-5.32156
1806,0.903,5.47415,-0.829058,6.06218,-5.33134
1808,0.904,5.48021,-0.834397,6.06218,-5.34112
1810,0.905,5.48627,-0.839745,6.06218,-5.3509
1812,0.906,5.49233,-0.845103,6.06218,-5.36068
1814,0.907,5.4984,-0.850471,6.06218,-5.37046
1816,0.908,5.50446,-0.855849,6.06218,-5.38024
1818,0.909,5.51052,-0.861237,6.06218,-5.39002
1820,0.91,5.51658,-0.866634,6.06218,-5.3998
1822,0.911,5.52264,-0.872041,6.06218,-5.40958
1824,0.912,5.52871,-0.877458,6.06218,-5.41936
1826,0.913,5.53477,-0.882885,6.06218,-5.42914
1828,0.914,5.54083,-0.888321,6.06218,-5.43892
1830,0.915,5.54689,-0.893767,6.06218,-5.4487
1832,0.916,5.55295,-0.899223,6.06218,-5.45848
1834,0.917,5.55902,-0.904689,6.06218,-5.46826
1836,0.918,5.56508,-0.910165,6.06218,-5.47804
1838,0.919,5.57114,-0.91565,6.06218,-5.48782
1840,0.92,5.5772,-0.921145,6.06218,-5.4976
1842,0.921,5.58327,-0.92665,6.06218,-5.50738
1844,0.922,5.58933,-0.932165,6.06218,-5.51716
1846,0.923,5.59539,-0.93769,6.06218,-5.52694
1848,0.924,5.60145,-0.943224,6.06218,-5.53672
1850,0.925,5.60751,-0.948768,6.06218,-5.5465
1852,0.926,5.61358,-0.954322,6.06218,-5.55628
1854,0.927,5.61964,-0.959885,6.06218,-5.56606
1856,0.928,5.6257,-0.965459,6.06218,-5.57584
1858,0.929,5.63176,-0.971042,6.06218,-5.58562
1860,0.93,5.63783,-0.976635,6.06218,-5.5954
1862,0.931,5.64389,-0.982238,6.06218,-5.60518
1864,0.932,5.64995,-0.98785,6.06218,-5.61496
1866,0.933,5.65601,-0.993472,6.06218,-5.62474
1868,0.934,5.66207,-0.999104,6.06218,-5.63452
1870,0.935,5.66814,-1.00475,6.06218,-5.6443
1872,0.936,5.6742,-1.0104,6.06218,-5.65408
1874,0.937,5.68026,-1.01606,6.06218,-5.66386
1876,0.938,5.68632,-1.02173,6.06218,-5.67364
1878,0.939,5.69238,-1.02741,6.06218,-5.68342
1880,0.94,5.69845,-1.0331,6.06218,-5.6932
1882,0.941,5.70451,-1.0388,6.06218,-5.70298
1884,0.942,5.71057,-1.04451,6.06218,-5.71276
1886,0.943,5.71663,-1.05023,6.06218,-5.72254
1888,0.944,5.7227,-1.05596,6.06218,-5.73232
1890,0.945,5.72876,-1.0617,6.06218,-5.7421
1892,0.946,5.73482,-1.06745,6.06218,-5.75188
1894,0.947,5.74088,-1.07321,6.06218,-5.76166
1896,0.948,5.74694,-1.07898,6.06218,-5.77144
1898,0.949,5.75301,-1.08476,6.06218,-5.78122
1900,0.95,5.75907,-1.09055,6.06218,-5.791
1902,0.951,5.76513,-1.09635,6.06218,-5.80078
1904,0.952,5.77119,-1.10215,6.06218,-5.81056
1906,0.953,5.77726,-1.10797,6.06218,-5.82034
1908,0.954,5.78332,-1.1138,6.06218,-5.83012
1910,0.955,5.78938,-1.11964,6.06218,-5.8399
1912,0.956,5.79544,-1.12548,6.06218,-5.84968
1914,0.957,5.8015,-1.13134,6.06218,-5.85946
1916,0.958,5.80757,-1.13721,6.06218,-5.86924
1918,0.959,5.81363,-1.14308,6.06218,-5.87902
1920,0.96,5.81969,-1.14897,6.06218,-5.8888
1922,0.961,5.82575,-1.15487,6.06218,-5.89858
1924,0.962,5.83182,-1.16077,6.06218,-5.90836
1926,0.963,5.83788,-1.16669,6.06218,-5.91814
1928,0.964,5.84394,-1.17261,6.06218,-5.92792
1930,0.965,5.85,-1.17855,6.06218,-5.9377
1932,0.966,5.85606,-1.18449,6.06218,-5.94748
1934,0.967,5.86213,-1.19045,6.06218,-5.95726
1936,0.968,5.86819,-1.19641,6.06218,-5.96704
1938,0.969,5.87425,-1.20239,6.06218,-5.97682
1940,0.97,5.88031,-1.20837,6.06218,-5.9866
1942,0.971,5.88637,-1.21437,6.06218,-5.99638
1944,0.972,5.89244,-1.22037,6.06218,-6.00616
1946,0.973,5.8985,-1.22638,6.06218,-6.01594
1948,0.974,5.90456,-1.23241,6.06218,-6.02572
1950,0.975,5.91062,-1.23844,6.06218,-6.0355
1952,0.976,5.91669,-1.24448,6.06218,-6.04528
1954,0.977,5.92275,-1.25054,6.06218,-6.05506
1956,0.978,5.92881,-1.2566,6.06218,-6.06484
1958,0.979,5.93487,-1.26267,6.06218,-6.07462
1960,0.98,5.94093,-1.26875,6.06218,-6.0844
1962,0.981,5.947,-1.27484,6.06218,-6.09418
1964,0.982,5.95306,-1.28095,6.06218,-6.10396
1966,0.983,5.95912,-1.28706,6.06218,-6.11374
1968,0.984,5.96518,-1.29318,6.06218,-6.12352
1970,0.985,5.97125,-1.29931,6.06218,-6.1333
1972,0.986,5.97731,-1.30545,6.06218,-6.14308
1974,0.987,5.98337,-1.3116,6.06218,-6.15286
1976,0.988,5.98943,-1.31776,6.06218,-6.16264
1978,0.989,5.99549,-1.32393,6.06218,-6.17242
1980,0.99,6.00156,-1.33011,6.06218,-6.1822
1982,0.991,6.00762,-1.3363,6.06218,-6.19198
1984,0.992,6.01368,-1.3425,6.06218,-6.20176
1986,0.993,6.01974,-1.34871,6.06218,-6.21154
1988,0.994,6.0258,-1.35493,6.06218,-6.22132
1990,0.995,6.03187,-1.36116,6.06218,-6.2311
1992,0.996,6.03793,-1.36739,6.06218,-6.24088
1994,0.997,6.04399,-1.37364,6.06218,-6.25066
1996,0.998,6.05005,-1.3799,6.06218,-6.26044
1998,0.999,6.05612,-1.38617,6.06218,-6.27022
2000,1,6.06218,-1.39245,6.06218,-6.28
