0,1.25e-08,2.5,0.0125
5e-09,2.49687e-08,2.49375,0.0249687
1e-08,3.74063e-08,2.48752,0.0374063
1.5e-08,4.98128e-08,2.4813,0.0498128
2e-08,6.21883e-08,2.47509,0.0621883
2.5e-08,7.45328e-08,2.46891,0.0745328
3e-08,8.68465e-08,2.46273,0.0868465
3.5e-08,9.91294e-08,2.45658,0.0991294
4e-08,1.11382e-07,2.45044,0.111382
4.5e-08,1.23603e-07,2.44431,0.123603
5e-08,1.35794e-07,2.4382,0.135794
5.5e-08,1.47955e-07,2.4321,0.147955
6e-08,1.60085e-07,2.42602,0.160085
6.5e-08,1.72184e-07,2.41996,0.172184
7e-08,1.84254e-07,2.41391,0.184254
7.5e-08,1.96293e-07,2.40787,0.196293
8e-08,2.08303e-07,2.40185,0.208303
8.5e-08,2.20282e-07,2.39585,0.220282
9e-08,2.32231e-07,2.38986,0.232231
9.5e-08,2.44151e-07,2.38388,0.244151
1e-07,2.5604e-07,2.37792,0.25604
1.05e-07,2.679e-07,2.37198,0.2679
1.1e-07,2.7973e-07,2.36605,0.27973
1.15e-07,2.91531e-07,2.36013,0.291531
1.2e-07,3.03302e-07,2.35423,0.303302
1.25e-07,3.15044e-07,2.34835,0.315044
1.3e-07,3.26756e-07,2.34248,0.326756
1.35e-07,3.38439e-07,2.33662,0.338439
1.4e-07,3.50093e-07,2.33078,0.350093
1.45e-07,3.61718e-07,2.32495,0.361718
1.5e-07,3.73314e-07,2.31914,0.373314
1.55e-07,3.84881e-07,2.31334,0.384881
1.6e-07,3.96418e-07,2.30756,0.396418
1.65e-07,4.07927e-07,2.30179,0.407927
1.7e-07,4.19408e-07,2.29604,0.419408
1.75e-07,4.30859e-07,2.2903,0.430859
1.8e-07,4.42282e-07,2.28457,0.442282
1.85e-07,4.53676e-07,2.27886,0.453676
1.9e-07,4.65042e-07,2.27316,0.465042
1.95e-07,4.76379e-07,2.26748,0.476379
2e-07,4.87688e-07,2.26181,0.487688
2.05e-07,4.98969e-07,2.25616,0.498969
2.1e-07,5.10222e-07,2.25052,0.510222
2.15e-07,5.21446e-07,2.24489,0.521446
2.2e-07,5.32643e-07,2.23928,0.532643
2.25e-07,5.43811e-07,2.23368,0.543811
2.3e-07,5.54951e-07,2.22809,0.554951
2.35e-07,5.66064e-07,2.22252,0.566064
2.4e-07,5.77149e-07,2.21697,0.577149
2.45e-07,5.88206e-07,2.21143,0.588206
2.5e-07,5.99236e-07,2.2059,0.599236
2.55e-07,6.10237e-07,2.20038,0.610237
2.6e-07,6.21212e-07,2.19488,0.621212
2.65e-07,6.32159e-07,2.18939,0.632159
2.7e-07,6.43078e-07,2.18392,0.643078
2.75e-07,6.53971e-07,2.17846,0.653971
2.8e-07,6.64836e-07,2.17301,0.664836
2.85e-07,6.75674e-07,2.16758,0.675674
2.9e-07,6.86485e-07,2.16216,0.686485
2.95e-07,6.97268e-07,2.15676,0.697268
3e-07,7.08025e-07,2.15137,0.708025
3.05e-07,7.18755e-07,2.14599,0.718755
3.1e-07,7.29458e-07,2.14062,0.729458
3.15e-07,7.40135e-07,2.13527,0.740135
3.2e-07,7.50784e-07,2.12993,0.750784
3.25e-07,7.61407e-07,2.12461,0.761407
3.3e-07,7.72004e-07,2.1193,0.772004
3.35e-07,7.82574e-07,2.114,0.782574
3.4e-07,7.93117e-07,2.10871,0.793117
3.45e-07,8.03634e-07,2.10344,0.803634
3.5e-07,8.14125e-07,2.09818,0.814125
3.55e-07,8.2459e-07,2.09294,0.82459
3.6e-07,8.35029e-07,2.0877,0.835029
3.65e-07,8.45441e-07,2.08249,0.845441
3.7e-07,8.55827e-07,2.07728,0.855827
3.75e-07,8.66188e-07,2.07209,0.866188
3.8e-07,8.76522e-07,2.06691,0.876522
3.85e-07,8.86831e-07,2.06174,0.886831
3.9e-07,8.97114e-07,2.05658,0.897114
3.95e-07,9.07371e-07,2.05144,0.907371
4e-07,9.17603e-07,2.04631,0.917603
4.05e-07,9.27809e-07,2.0412,0.927809
4.1e-07,9.37989e-07,2.0361,0.937989
4.15e-07,9.48144e-07,2.03101,0.948144
4.2e-07,9.58274e-07,2.02593,0.958274
4.25e-07,9.68378e-07,2.02086,0.968378
4.3e-07,9.78457e-07,2.01581,0.978457
4.35e-07,9.88511e-07,2.01077,0.988511
4.4e-07,9.9854e-07,2.00574,0.99854
4.45e-07,1.00854e-06,2.00073,1.00854
4.5e-07,1.01852e-06,1.99573,1.01852
4.55e-07,1.02848e-06,1.99074,1.02848
4.6e-07,1.0384e-06,1.98576,1.0384
4.65e-07,1.04831e-06,1.9808,1.04831
4.7e-07,1.05819e-06,1.97585,1.05819
4.75e-07,1.06804e-06,1.97091,1.06804
4.8e-07,1.07787e-06,1.96598,1.07787
4.85e-07,1.08768e-06,1.96106,1.08768
4.9e-07,1.09746e-06,1.95616,1.09746
4.95e-07,1.10721e-06,1.95127,1.10721
5e-07,1.11695e-06,1.94639,1.11695
5.05e-07,1.12665e-06,1.94153,1.12665
5.1e-07,1.13634e-06,1.93667,1.13634
5.15e-07,1.146e-06,1.93183,1.146
5.2e-07,1.15563e-06,1.927,1.15563
5.25e-07,1.16524e-06,1.92218,1.16524
5.3e-07,1.17483e-06,1.91738,1.17483
5.35e-07,1.18439e-06,1.91259,1.18439
5.4e-07,1.19393e-06,1.9078,1.19393
5.45e-07,1.20345e-06,1.90303,1.20345
5.5e-07,1.21294e-06,1.89828,1.21294
5.55e-07,1.22241e-06,1.89353,1.22241
5.6e-07,1.23185e-06,1.8888,1.23185
5.65e-07,1.24127e-06,1.88408,1.24127
5.7e-07,1.25067e-06,1.87936,1.25067
5.75e-07,1.26004e-06,1.87467,1.26004
5.8e-07,1.26939e-06,1.86998,1.26939
5.85e-07,1.27872e-06,1.8653,1.27872
5.9e-07,1.28802e-06,1.86064,1.28802
5.95e-07,1.2973e-06,1.85599,1.2973
6e-07,1.30656e-06,1.85135,1.30656
6.05e-07,1.31579e-06,1.84672,1.31579
6.1e-07,1.325e-06,1.8421,1.325
6.15e-07,1.33419e-06,1.8375,1.33419
6.2e-07,1.34335e-06,1.83291,1.34335
6.25e-07,1.35249e-06,1.82832,1.35249
6.3e-07,1.36161e-06,1.82375,1.36161
6.35e-07,1.37071e-06,1.81919,1.37071
6.4e-07,1.37978e-06,1.81465,1.37978
6.45e-07,1.38883e-06,1.81011,1.38883
6.5e-07,1.39786e-06,1.80558,1.39786
6.55e-07,1.40687e-06,1.80107,1.40687
6.6e-07,1.41585e-06,1.79657,1.41585
6.65e-07,1.42481e-06,1.79208,1.42481
6.7e-07,1.43375e-06,1.7876,1.43375
6.75e-07,1.44266e-06,1.78313,1.44266
6.8e-07,1.45156e-06,1.77867,1.45156
6.85e-07,1.46043e-06,1.77422,1.46043
6.9e-07,1.46928e-06,1.76979,1.46928
6.95e-07,1.4781e-06,1.76536,1.4781
7e-07,1.48691e-06,1.76095,1.48691
7.05e-07,1.49569e-06,1.75655,1.49569
7.1e-07,1.50445e-06,1.75215,1.50445
7.15e-07,1.51319e-06,1.74777,1.51319
7.2e-07,1.52191e-06,1.7434,1.52191
7.25e-07,1.5306e-06,1.73905,1.5306
7.3e-07,1.53928e-06,1.7347,1.53928
7.35e-07,1.54793e-06,1.73036,1.54793
7.4e-07,1.55656e-06,1.72604,1.55656
7.45e-07,1.56517e-06,1.72172,1.56517
7.5e-07,1.57375e-06,1.71742,1.57375
7.55e-07,1.58232e-06,1.71312,1.58232
7.6e-07,1.59086e-06,1.70884,1.59086
7.65e-07,1.59939e-06,1.70457,1.59939
7.7e-07,1.60789e-06,1.70031,1.60789
7.75e-07,1.61637e-06,1.69606,1.61637
7.8e-07,1.62483e-06,1.69182,1.62483
7.85e-07,1.63327e-06,1.68759,1.63327
7.9e-07,1.64168e-06,1.68337,1.64168
7.95e-07,1.65008e-06,1.67916,1.65008
8e-07,1.65845e-06,1.67496,1.65845
8.05e-07,1.66681e-06,1.67077,1.66681
8.1e-07,1.67514e-06,1.6666,1.67514
8.15e-07,1.68345e-06,1.66243,1.68345
8.2e-07,1.69174e-06,1.65827,1.69174
8.25e-07,1.70001e-06,1.65413,1.70001
8.3e-07,1.70826e-06,1.64999,1.70826
8.35e-07,1.71649e-06,1.64587,1.71649
8.4e-07,1.7247e-06,1.64175,1.7247
8.45e-07,1.73289e-06,1.63765,1.73289
8.5e-07,1.74106e-06,1.63355,1.74106
8.55e-07,1.74921e-06,1.62947,1.74921
8.6e-07,1.75733e-06,1.6254,1.75733
8.65e-07,1.76544e-06,1.62133,1.76544
8.7e-07,1.77353e-06,1.61728,1.77353
8.75e-07,1.78159e-06,1.61324,1.78159
8.8e-07,1.78964e-06,1.6092,1.78964
8.85e-07,1.79766e-06,1.60518,1.79766
8.9e-07,1.80567e-06,1.60117,1.80567
8.95e-07,1.81366e-06,1.59717,1.81366
9e-07,1.82162e-06,1.59317,1.82162
9.05e-07,1.82957e-06,1.58919,1.82957
9.1e-07,1.83749e-06,1.58522,1.83749
9.15e-07,1.8454e-06,1.58125,1.8454
9.2e-07,1.85329e-06,1.5773,1.85329
9.25e-07,1.86115e-06,1.57336,1.86115
9.3e-07,1.869e-06,1.56942,1.869
9.35e-07,1.87683e-06,1.5655,1.87683
9.4e-07,1.88464e-06,1.56159,1.88464
9.45e-07,1.89242e-06,1.55768,1.89242
9.5e-07,1.90019e-06,1.55379,1.90019
9.55e-07,1.90794e-06,1.5499,1.90794
9.6e-07,1.91567e-06,1.54603,1.91567
9.65e-07,1.92338e-06,1.54216,1.92338
9.7e-07,1.93107e-06,1.53831,1.93107
9.75e-07,1.93875e-06,1.53446,1.93875
9.8e-07,1.9464e-06,1.53063,1.9464
9.85e-07,1.95403e-06,1.5268,1.95403
9.9e-07,1.96165e-06,1.52298,1.96165
9.95e-07,1.96924e-06,1.51918,1.96924
1e-06,1.97682e-06,1.51538,1.97682
1.005e-06,1.98438e-06,1.51159,1.98438
1.01e-06,1.99192e-06,1.50781,1.99192
1.015e-06,1.99944e-06,1.50404,1.99944
1.02e-06,2.00694e-06,1.50028,2.00694
1.025e-06,2.01442e-06,1.49653,2.01442
1.03e-06,2.02189e-06,1.49279,2.02189
1.035e-06,2.02933e-06,1.48906,2.02933
1.04e-06,2.03676e-06,1.48533,2.03676
1.045e-06,2.04417e-06,1.48162,2.04417
1.05e-06,2.05156e-06,1.47792,2.05156
1.055e-06,2.05893e-06,1.47422,2.05893
1.06e-06,2.06628e-06,1.47054,2.06628
1.065e-06,2.07361e-06,1.46686,2.07361
1.07e-06,2.08093e-06,1.46319,2.08093
1.075e-06,2.08823e-06,1.45953,2.08823
1.08e-06,2.09551e-06,1.45589,2.09551
1.085e-06,2.10277e-06,1.45225,2.10277
1.09e-06,2.11001e-06,1.44862,2.11001
1.095e-06,2.11724e-06,1.44499,2.11724
1.1e-06,2.12444e-06,1.44138,2.12444
1.105e-06,2.13163e-06,1.43778,2.13163
1.11e-06,2.1388e-06,1.43418,2.1388
1.115e-06,2.14596e-06,1.4306,2.14596
1.12e-06,2.15309e-06,1.42702,2.15309
1.125e-06,2.16021e-06,1.42345,2.16021
1.13e-06,2.16731e-06,1.4199,2.16731
1.135e-06,2.17439e-06,1.41635,2.17439
1.14e-06,2.18145e-06,1.4128,2.18145
1.145e-06,2.1885e-06,1.40927,2.1885
1.15e-06,2.19553e-06,1.40575,2.19553
1.155e-06,2.20254e-06,1.40224,2.20254
1.16e-06,2.20953e-06,1.39873,2.20953
1.165e-06,2.21651e-06,1.39523,2.21651
1.17e-06,2.22347e-06,1.39174,2.22347
1.175e-06,2.23041e-06,1.38827,2.23041
1.18e-06,2.23733e-06,1.38479,2.23733
1.185e-06,2.24424e-06,1.38133,2.24424
1.19e-06,2.25113e-06,1.37788,2.25113
1.195e-06,2.258e-06,1.37443,2.258
1.2e-06,2.26486e-06,1.371,2.26486
1.205e-06,2.2717e-06,1.36757,2.2717
1.21e-06,2.27852e-06,1.36415,2.27852
1.215e-06,2.28532e-06,1.36074,2.28532
1.22e-06,2.29211e-06,1.35734,2.29211
1.225e-06,2.29888e-06,1.35395,2.29888
1.23e-06,2.30563e-06,1.35056,2.30563
1.235e-06,2.31237e-06,1.34719,2.31237
1.24e-06,2.31908e-06,1.34382,2.31908
1.245e-06,2.32579e-06,1.34046,2.32579
1.25e-06,2.33247e-06,1.33711,2.33247
1.255e-06,2.33914e-06,1.33376,2.33914
1.26e-06,2.34579e-06,1.33043,2.34579
1.265e-06,2.35243e-06,1.3271,2.35243
1.27e-06,2.35905e-06,1.32379,2.35905
1.275e-06,2.36565e-06,1.32048,2.36565
1.28e-06,2.37224e-06,1.31718,2.37224
1.285e-06,2.37881e-06,1.31388,2.37881
1.29e-06,2.38536e-06,1.3106,2.38536
1.295e-06,2.39189e-06,1.30732,2.39189
1.3e-06,2.39841e-06,1.30405,2.39841
1.305e-06,2.40492e-06,1.30079,2.40492
1.31e-06,2.41141e-06,1.29754,2.41141
1.315e-06,2.41788e-06,1.2943,2.41788
1.32e-06,2.42433e-06,1.29106,2.42433
1.325e-06,2.43077e-06,1.28783,2.43077
1.33e-06,2.4372e-06,1.28461,2.4372
1.335e-06,2.4436e-06,1.2814,2.4436
1.34e-06,2.44999e-06,1.2782,2.44999
1.345e-06,2.45637e-06,1.275,2.45637
1.35e-06,2.46273e-06,1.27182,2.46273
1.355e-06,2.46907e-06,1.26864,2.46907
1.36e-06,2.4754e-06,1.26546,2.4754
1.365e-06,2.48171e-06,1.2623,2.48171
1.37e-06,2.48801e-06,1.25915,2.48801
1.375e-06,2.49429e-06,1.256,2.49429
1.38e-06,2.50055e-06,1.25286,2.50055
1.385e-06,2.5068e-06,1.24973,2.5068
1.39e-06,2.51303e-06,1.2466,2.51303
1.395e-06,2.51925e-06,1.24348,2.51925
1.4e-06,2.52545e-06,1.24038,2.52545
1.405e-06,2.53164e-06,1.23727,2.53164
1.41e-06,2.53781e-06,1.23418,2.53781
1.415e-06,2.54396e-06,1.2311,2.54396
1.42e-06,2.5501e-06,1.22802,2.5501
1.425e-06,2.55623e-06,1.22495,2.55623
1.43e-06,2.56234e-06,1.22189,2.56234
1.435e-06,2.56843e-06,1.21883,2.56843
1.44e-06,2.57451e-06,1.21578,2.57451
1.445e-06,2.58057e-06,1.21274,2.58057
1.45e-06,2.58662e-06,1.20971,2.58662
1.455e-06,2.59266e-06,1.20669,2.59266
1.46e-06,2.59867e-06,1.20367,2.59867
1.465e-06,2.60468e-06,1.20066,2.60468
1.47e-06,2.61067e-06,1.19766,2.61067
1.475e-06,2.61664e-06,1.19467,2.61664
1.48e-06,2.6226e-06,1.19168,2.6226
1.485e-06,2.62854e-06,1.1887,2.62854
1.49e-06,2.63447e-06,1.18573,2.63447
1.495e-06,2.64038e-06,1.18276,2.64038
1.5e-06,2.64628e-06,1.17981,2.64628
1.505e-06,2.65217e-06,1.17686,2.65217
1.51e-06,2.65804e-06,1.17392,2.65804
1.515e-06,2.66389e-06,1.17098,2.66389
1.52e-06,2.66973e-06,1.16805,2.66973
1.525e-06,2.67556e-06,1.16513,2.67556
1.53e-06,2.68137e-06,1.16222,2.68137
1.535e-06,2.68717e-06,1.15932,2.68717
1.54e-06,2.69295e-06,1.15642,2.69295
1.545e-06,2.69872e-06,1.15353,2.69872
1.55e-06,2.70447e-06,1.15064,2.70447
1.555e-06,2.71021e-06,1.14777,2.71021
1.56e-06,2.71593e-06,1.1449,2.71593
1.565e-06,2.72164e-06,1.14203,2.72164
1.57e-06,2.72734e-06,1.13918,2.72734
1.575e-06,2.73302e-06,1.13633,2.73302
1.58e-06,2.73869e-06,1.13349,2.73869
1.585e-06,2.74434e-06,1.13066,2.74434
1.59e-06,2.74998e-06,1.12783,2.74998
1.595e-06,2.7556e-06,1.12501,2.7556
1.6e-06,2.76122e-06,1.1222,2.76122
1.605e-06,2.76681e-06,1.11939,2.76681
1.61e-06,2.7724e-06,1.11659,2.7724
1.615e-06,2.77796e-06,1.1138,2.77796
1.62e-06,2.78352e-06,1.11102,2.78352
1.625e-06,2.78906e-06,1.10824,2.78906
1.63e-06,2.79459e-06,1.10547,2.79459
1.635e-06,2.8001e-06,1.10271,2.8001
1.64e-06,2.8056e-06,1.09995,2.8056
1.645e-06,2.81109e-06,1.0972,2.81109
1.65e-06,2.81656e-06,1.09446,2.81656
1.655e-06,2.82202e-06,1.09172,2.82202
1.66e-06,2.82746e-06,1.08899,2.82746
1.665e-06,2.83289e-06,1.08627,2.83289
1.67e-06,2.83831e-06,1.08355,2.83831
1.675e-06,2.84372e-06,1.08084,2.84372
1.68e-06,2.84911e-06,1.07814,2.84911
1.685e-06,2.85448e-06,1.07545,2.85448
1.69e-06,2.85985e-06,1.07276,2.85985
1.695e-06,2.8652e-06,1.07008,2.8652
1.7e-06,2.87054e-06,1.0674,2.87054
1.705e-06,2.87586e-06,1.06473,2.87586
1.71e-06,2.88117e-06,1.06207,2.88117
1.715e-06,2.88647e-06,1.05942,2.88647
1.72e-06,2.89175e-06,1.05677,2.89175
1.725e-06,2.89702e-06,1.05412,2.89702
1.73e-06,2.90228e-06,1.05149,2.90228
1.735e-06,2.90752e-06,1.04886,2.90752
1.74e-06,2.91275e-06,1.04624,2.91275
1.745e-06,2.91797e-06,1.04362,2.91797
1.75e-06,2.92318e-06,1.04101,2.92318
1.755e-06,2.92837e-06,1.03841,2.92837
1.76e-06,2.93355e-06,1.03582,2.93355
1.765e-06,2.93871e-06,1.03323,2.93871
1.77e-06,2.94387e-06,1.03064,2.94387
1.775e-06,2.94901e-06,1.02807,2.94901
1.78e-06,2.95414e-06,1.0255,2.95414
1.785e-06,2.95925e-06,1.02293,2.95925
1.79e-06,2.96435e-06,1.02037,2.96435
1.795e-06,2.96944e-06,1.01782,2.96944
1.8e-06,2.97452e-06,1.01528,2.97452
1.805e-06,2.97958e-06,1.01274,2.97958
1.81e-06,2.98463e-06,1.01021,2.98463
1.815e-06,2.98967e-06,1.00768,2.98967
1.82e-06,2.9947e-06,1.00516,2.9947
1.825e-06,2.99971e-06,1.00265,2.99971
1.83e-06,3.00471e-06,1.00015,3.00471
1.835e-06,3.0097e-06,0.997645,3.0097
1.84e-06,3.01467e-06,0.995151,3.01467
1.845e-06,3.01964e-06,0.992663,3.01964
1.85e-06,3.02459e-06,0.990181,3.02459
1.855e-06,3.02953e-06,0.987706,3.02953
1.86e-06,3.03445e-06,0.985236,3.03445
1.865e-06,3.03937e-06,0.982773,3.03937
1.87e-06,3.04427e-06,0.980316,3.04427
1.875e-06,3.04916e-06,0.977866,3.04916
1.88e-06,3.05404e-06,0.975421,3.05404
1.885e-06,3.0589e-06,0.972982,3.0589
1.89e-06,3.06375e-06,0.97055,3.06375
1.895e-06,3.06859e-06,0.968123,3.06859
1.9e-06,3.07342e-06,0.965703,3.07342
1.905e-06,3.07824e-06,0.963289,3.07824
1.91e-06,3.08304e-06,0.960881,3.08304
1.915e-06,3.08784e-06,0.958479,3.08784
1.92e-06,3.09262e-06,0.956082,3.09262
1.925e-06,3.09738e-06,0.953692,3.09738
1.93e-06,3.10214e-06,0.951308,3.10214
1.935e-06,3.10689e-06,0.94893,3.10689
1.94e-06,3.11162e-06,0.946557,3.11162
1.945e-06,3.11634e-06,0.944191,3.11634
1.95e-06,3.12105e-06,0.94183,3.12105
1.955e-06,3.12575e-06,0.939476,3.12575
1.96e-06,3.13043e-06,0.937127,3.13043
1.965e-06,3.13511e-06,0.934784,3.13511
1.97e-06,3.13977e-06,0.932447,3.13977
1.975e-06,3.14442e-06,0.930116,3.14442
1.98e-06,3.14906e-06,0.927791,3.14906
1.985e-06,3.15368e-06,0.925471,3.15368
1.99e-06,3.1583e-06,0.923158,3.1583
1.995e-06,3.1629e-06,0.92085,3.1629
2e-06,3.1675e-06,0.918548,3.1675
2.005e-06,3.17208e-06,0.916251,3.17208
2.01e-06,3.17665e-06,0.913961,3.17665
2.015e-06,3.18121e-06,0.911676,3.18121
2.02e-06,3.18575e-06,0.909397,3.18575
2.025e-06,3.19029e-06,0.907123,3.19029
2.03e-06,3.19481e-06,0.904855,3.19481
2.035e-06,3.19933e-06,0.902593,3.19933
2.04e-06,3.20383e-06,0.900337,3.20383
2.045e-06,3.20832e-06,0.898086,3.20832
2.05e-06,3.2128e-06,0.895841,3.2128
2.055e-06,3.21727e-06,0.893601,3.21727
2.06e-06,3.22172e-06,0.891367,3.22172
2.065e-06,3.22617e-06,0.889139,3.22617
2.07e-06,3.2306e-06,0.886916,3.2306
2.075e-06,3.23503e-06,0.884699,3.23503
2.08e-06,3.23944e-06,0.882487,3.23944
2.085e-06,3.24384e-06,0.880281,3.24384
2.09e-06,3.24823e-06,0.87808,3.24823
2.095e-06,3.25261e-06,0.875885,3.25261
2.1e-06,3.25698e-06,0.873695,3.25698
2.105e-06,3.26134e-06,0.871511,3.26134
2.11e-06,3.26568e-06,0.869332,3.26568
2.115e-06,3.27002e-06,0.867159,3.27002
2.12e-06,3.27434e-06,0.864991,3.27434
2.125e-06,3.27866e-06,0.862828,3.27866
2.13e-06,3.28296e-06,0.860671,3.28296
2.135e-06,3.28725e-06,0.85852,3.28725
2.14e-06,3.29154e-06,0.856373,3.29154
2.145e-06,3.29581e-06,0.854232,3.29581
2.15e-06,3.30007e-06,0.852097,3.30007
2.155e-06,3.30432e-06,0.849966,3.30432
2.16e-06,3.30856e-06,0.847842,3.30856
2.165e-06,3.31278e-06,0.845722,3.31278
2.17e-06,3.317e-06,0.843608,3.317
2.175e-06,3.32121e-06,0.841499,3.32121
2.18e-06,3.32541e-06,0.839395,3.32541
2.185e-06,3.32959e-06,0.837296,3.32959
2.19e-06,3.33377e-06,0.835203,3.33377
2.195e-06,3.33794e-06,0.833115,3.33794
2.2e-06,3.34209e-06,0.831032,3.34209
2.205e-06,3.34624e-06,0.828955,3.34624
2.21e-06,3.35037e-06,0.826882,3.35037
2.215e-06,3.35449e-06,0.824815,3.35449
2.22e-06,3.35861e-06,0.822753,3.35861
2.225e-06,3.36271e-06,0.820696,3.36271
2.23e-06,3.3668e-06,0.818645,3.3668
2.235e-06,3.37089e-06,0.816598,3.37089
2.24e-06,3.37496e-06,0.814556,3.37496
2.245e-06,3.37902e-06,0.81252,3.37902
2.25e-06,3.38308e-06,0.810489,3.38308
2.255e-06,3.38712e-06,0.808462,3.38712
2.26e-06,3.39115e-06,0.806441,3.39115
2.265e-06,3.39517e-06,0.804425,3.39517
2.27e-06,3.39918e-06,0.802414,3.39918
2.275e-06,3.40319e-06,0.800408,3.40319
2.28e-06,3.40718e-06,0.798407,3.40718
2.285e-06,3.41116e-06,0.796411,3.41116
2.29e-06,3.41513e-06,0.79442,3.41513
2.295e-06,3.41909e-06,0.792434,3.41909
2.3e-06,3.42305e-06,0.790453,3.42305
2.305e-06,3.42699e-06,0.788477,3.42699
2.31e-06,3.43092e-06,0.786506,3.43092
2.315e-06,3.43484e-06,0.784539,3.43484
2.32e-06,3.43876e-06,0.782578,3.43876
2.325e-06,3.44266e-06,0.780622,3.44266
2.33e-06,3.44655e-06,0.77867,3.44655
2.335e-06,3.45044e-06,0.776723,3.45044
2.34e-06,3.45431e-06,0.774782,3.45431
2.345e-06,3.45818e-06,0.772845,3.45818
2.35e-06,3.46203e-06,0.770912,3.46203
2.355e-06,3.46587e-06,0.768985,3.46587
2.36e-06,3.46971e-06,0.767063,3.46971
2.365e-06,3.47354e-06,0.765145,3.47354
2.37e-06,3.47735e-06,0.763232,3.47735
2.375e-06,3.48116e-06,0.761324,3.48116
2.38e-06,3.48496e-06,0.759421,3.48496
2.385e-06,3.48874e-06,0.757522,3.48874
2.39e-06,3.49252e-06,0.755628,3.49252
2.395e-06,3.49629e-06,0.753739,3.49629
2.4e-06,3.50005e-06,0.751855,3.50005
2.405e-06,3.5038e-06,0.749975,3.5038
2.41e-06,3.50754e-06,0.7481,3.50754
2.415e-06,3.51127e-06,0.74623,3.51127
2.42e-06,3.51499e-06,0.744365,3.51499
2.425e-06,3.51871e-06,0.742504,3.51871
2.43e-06,3.52241e-06,0.740647,3.52241
2.435e-06,3.5261e-06,0.738796,3.5261
2.44e-06,3.52979e-06,0.736949,3.52979
2.445e-06,3.53346e-06,0.735106,3.53346
2.45e-06,3.53713e-06,0.733269,3.53713
2.455e-06,3.54079e-06,0.731436,3.54079
2.46e-06,3.54443e-06,0.729607,3.54443
2.465e-06,3.54807e-06,0.727783,3.54807
2.47e-06,3.5517e-06,0.725963,3.5517
2.475e-06,3.55532e-06,0.724149,3.55532
2.48e-06,3.55894e-06,0.722338,3.55894
2.485e-06,3.56254e-06,0.720532,3.56254
2.49e-06,3.56613e-06,0.718731,3.56613
2.495e-06,3.56972e-06,0.716934,3.56972
2.5e-06,3.57329e-06,0.715142,3.57329
2.505e-06,3.57686e-06,0.713354,3.57686
2.51e-06,3.58042e-06,0.711571,3.58042
2.515e-06,3.58397e-06,0.709792,3.58397
2.52e-06,3.58751e-06,0.708017,3.58751
2.525e-06,3.59104e-06,0.706247,3.59104
2.53e-06,3.59456e-06,0.704482,3.59456
2.535e-06,3.59807e-06,0.70272,3.59807
2.54e-06,3.60158e-06,0.700964,3.60158
2.545e-06,3.60507e-06,0.699211,3.60507
2.55e-06,3.60856e-06,0.697463,3.60856
2.555e-06,3.61204e-06,0.695719,3.61204
2.56e-06,3.61551e-06,0.69398,3.61551
2.565e-06,3.61897e-06,0.692245,3.61897
2.57e-06,3.62242e-06,0.690515,3.62242
2.575e-06,3.62587e-06,0.688788,3.62587
2.58e-06,3.6293e-06,0.687066,3.6293
2.585e-06,3.63273e-06,0.685349,3.63273
2.59e-06,3.63615e-06,0.683635,3.63615
2.595e-06,3.63956e-06,0.681926,3.63956
2.6e-06,3.64296e-06,0.680221,3.64296
2.605e-06,3.64635e-06,0.678521,3.64635
2.61e-06,3.64974e-06,0.676825,3.64974
2.615e-06,3.65311e-06,0.675132,3.65311
2.62e-06,3.65648e-06,0.673445,3.65648
2.625e-06,3.65984e-06,0.671761,3.65984
2.63e-06,3.66319e-06,0.670082,3.66319
2.635e-06,3.66653e-06,0.668406,3.66653
2.64e-06,3.66986e-06,0.666735,3.66986
2.645e-06,3.67319e-06,0.665069,3.67319
2.65e-06,3.67651e-06,0.663406,3.67651
2.655e-06,3.67981e-06,0.661747,3.67981
2.66e-06,3.68311e-06,0.660093,3.68311
2.665e-06,3.68641e-06,0.658443,3.68641
2.67e-06,3.68969e-06,0.656797,3.68969
2.675e-06,3.69297e-06,0.655155,3.69297
2.68e-06,3.69623e-06,0.653517,3.69623
2.685e-06,3.69949e-06,0.651883,3.69949
2.69e-06,3.70274e-06,0.650253,3.70274
2.695e-06,3.70599e-06,0.648628,3.70599
2.7e-06,3.70922e-06,0.647006,3.70922
2.705e-06,3.71245e-06,0.645389,3.71245
2.71e-06,3.71567e-06,0.643775,3.71567
2.715e-06,3.71888e-06,0.642166,3.71888
2.72e-06,3.72208e-06,0.64056,3.72208
2.725e-06,3.72528e-06,0.638959,3.72528
2.73e-06,3.72846e-06,0.637361,3.72846
2.735e-06,3.73164e-06,0.635768,3.73164
2.74e-06,3.73481e-06,0.634179,3.73481
2.745e-06,3.73798e-06,0.632593,3.73798
2.75e-06,3.74113e-06,0.631012,3.74113
2.755e-06,3.74428e-06,0.629434,3.74428
2.76e-06,3.74742e-06,0.627861,3.74742
2.765e-06,3.75055e-06,0.626291,3.75055
2.77e-06,3.75367e-06,0.624725,3.75367
2.775e-06,3.75679e-06,0.623163,3.75679
2.78e-06,3.7599e-06,0.621605,3.7599
2.785e-06,3.763e-06,0.620051,3.763
2.79e-06,3.76609e-06,0.618501,3.76609
2.795e-06,3.76917e-06,0.616955,3.76917
2.8e-06,3.77225e-06,0.615413,3.77225
2.805e-06,3.77532e-06,0.613874,3.77532
2.81e-06,3.77838e-06,0.612339,3.77838
2.815e-06,3.78144e-06,0.610809,3.78144
2.82e-06,3.78448e-06,0.609282,3.78448
2.825e-06,3.78752e-06,0.607758,3.78752
2.83e-06,3.79055e-06,0.606239,3.79055
2.835e-06,3.79358e-06,0.604723,3.79358
2.84e-06,3.79659e-06,0.603212,3.79659
2.845e-06,3.7996e-06,0.601704,3.7996
2.85e-06,3.8026e-06,0.600199,3.8026
2.855e-06,3.8056e-06,0.598699,3.8056
2.86e-06,3.80858e-06,0.597202,3.80858
2.865e-06,3.81156e-06,0.595709,3.81156
2.87e-06,3.81453e-06,0.59422,3.81453
2.875e-06,3.8175e-06,0.592734,3.8175
2.88e-06,3.82045e-06,0.591252,3.82045
2.885e-06,3.8234e-06,0.589774,3.8234
2.89e-06,3.82634e-06,0.5883,3.82634
2.895e-06,3.82928e-06,0.586829,3.82928
2.9e-06,3.8322e-06,0.585362,3.8322
2.905e-06,3.83512e-06,0.583899,3.83512
2.91e-06,3.83803e-06,0.582439,3.83803
2.915e-06,3.84094e-06,0.580983,3.84094
2.92e-06,3.84384e-06,0.57953,3.84384
2.925e-06,3.84673e-06,0.578081,3.84673
2.93e-06,3.84961e-06,0.576636,3.84961
2.935e-06,3.85249e-06,0.575195,3.85249
2.94e-06,3.85536e-06,0.573757,3.85536
2.945e-06,3.85822e-06,0.572322,3.85822
2.95e-06,3.86107e-06,0.570892,3.86107
2.955e-06,3.86392e-06,0.569464,3.86392
2.96e-06,3.86676e-06,0.568041,3.86676
2.965e-06,3.86959e-06,0.566621,3.86959
2.97e-06,3.87242e-06,0.565204,3.87242
2.975e-06,3.87524e-06,0.563791,3.87524
2.98e-06,3.87805e-06,0.562381,3.87805
2.985e-06,3.88085e-06,0.560976,3.88085
2.99e-06,3.88365e-06,0.559573,3.88365
2.995e-06,3.88644e-06,0.558174,3.88644
3e-06,3.88923e-06,0.556779,3.88923
3.005e-06,3.892e-06,0.555387,3.892
3.01e-06,3.89477e-06,0.553998,3.89477
3.015e-06,3.89754e-06,0.552613,3.89754
3.02e-06,3.90029e-06,0.551232,3.90029
3.025e-06,3.90304e-06,0.549854,3.90304
3.03e-06,3.90578e-06,0.548479,3.90578
3.035e-06,3.90852e-06,0.547108,3.90852
3.04e-06,3.91125e-06,0.54574,3.91125
3.045e-06,3.91397e-06,0.544376,3.91397
3.05e-06,3.91669e-06,0.543015,3.91669
3.055e-06,3.91939e-06,0.541657,3.91939
3.06e-06,3.9221e-06,0.540303,3.9221
3.065e-06,3.92479e-06,0.538952,3.92479
3.07e-06,3.92748e-06,0.537605,3.92748
3.075e-06,3.93016e-06,0.536261,3.93016
3.08e-06,3.93283e-06,0.53492,3.93283
3.085e-06,3.9355e-06,0.533583,3.9355
3.09e-06,3.93816e-06,0.532249,3.93816
3.095e-06,3.94082e-06,0.530918,3.94082
3.1e-06,3.94347e-06,0.529591,3.94347
3.105e-06,3.94611e-06,0.528267,3.94611
3.11e-06,3.94874e-06,0.526946,3.94874
3.115e-06,3.95137e-06,0.525629,3.95137
3.12e-06,3.95399e-06,0.524315,3.95399
3.125e-06,3.95661e-06,0.523004,3.95661
3.13e-06,3.95921e-06,0.521697,3.95921
3.135e-06,3.96182e-06,0.520393,3.96182
3.14e-06,3.96441e-06,0.519092,3.96441
3.145e-06,3.967e-06,0.517794,3.967
3.15e-06,3.96958e-06,0.516499,3.96958
3.155e-06,3.97216e-06,0.515208,3.97216
3.16e-06,3.97473e-06,0.51392,3.97473
3.165e-06,3.97729e-06,0.512635,3.97729
3.17e-06,3.97985e-06,0.511354,3.97985
3.175e-06,3.9824e-06,0.510075,3.9824
3.18e-06,3.98494e-06,0.5088,3.98494
3.185e-06,3.98748e-06,0.507528,3.98748
3.19e-06,3.99001e-06,0.506259,3.99001
3.195e-06,3.99254e-06,0.504994,3.99254
3.2e-06,3.99506e-06,0.503731,3.99506
3.205e-06,3.99757e-06,0.502472,3.99757
3.21e-06,4.00007e-06,0.501216,4.00007
3.215e-06,4.00257e-06,0.499963,4.00257
3.22e-06,4.00507e-06,0.498713,4.00507
3.225e-06,4.00756e-06,0.497466,4.00756
3.23e-06,4.01004e-06,0.496222,4.01004
3.235e-06,4.01251e-06,0.494982,4.01251
3.24e-06,4.01498e-06,0.493744,4.01498
3.245e-06,4.01744e-06,0.49251,4.01744
3.25e-06,4.0199e-06,0.491279,4.0199
3.255e-06,4.02235e-06,0.49005,4.02235
3.26e-06,4.02479e-06,0.488825,4.02479
3.265e-06,4.02723e-06,0.487603,4.02723
3.27e-06,4.02966e-06,0.486384,4.02966
3.275e-06,4.03209e-06,0.485168,4.03209
3.28e-06,4.03451e-06,0.483955,4.03451
3.285e-06,4.03692e-06,0.482745,4.03692
3.29e-06,4.03933e-06,0.481539,4.03933
3.295e-06,4.04173e-06,0.480335,4.04173
3.3e-06,4.04413e-06,0.479134,4.04413
3.305e-06,4.04652e-06,0.477936,4.04652
3.31e-06,4.0489e-06,0.476741,4.0489
3.315e-06,4.05128e-06,0.475549,4.05128
3.32e-06,4.05365e-06,0.47436,4.05365
3.325e-06,4.05602e-06,0.473175,4.05602
3.33e-06,4.05838e-06,0.471992,4.05838
3.335e-06,4.06073e-06,0.470812,4.06073
3.34e-06,4.06308e-06,0.469635,4.06308
3.345e-06,4.06542e-06,0.468461,4.06542
3.35e-06,4.06776e-06,0.467289,4.06776
3.355e-06,4.07009e-06,0.466121,4.07009
3.36e-06,4.07241e-06,0.464956,4.07241
3.365e-06,4.07473e-06,0.463793,4.07473
3.37e-06,4.07705e-06,0.462634,4.07705
3.375e-06,4.07935e-06,0.461477,4.07935
3.38e-06,4.08165e-06,0.460324,4.08165
3.385e-06,4.08395e-06,0.459173,4.08395
3.39e-06,4.08624e-06,0.458025,4.08624
3.395e-06,4.08852e-06,0.45688,4.08852
3.4e-06,4.0908e-06,0.455738,4.0908
3.405e-06,4.09308e-06,0.454598,4.09308
3.41e-06,4.09534e-06,0.453462,4.09534
3.415e-06,4.09761e-06,0.452328,4.09761
3.42e-06,4.09986e-06,0.451197,4.09986
3.425e-06,4.10211e-06,0.450069,4.10211
3.43e-06,4.10436e-06,0.448944,4.10436
3.435e-06,4.1066e-06,0.447822,4.1066
3.44e-06,4.10883e-06,0.446702,4.10883
3.445e-06,4.11106e-06,0.445586,4.11106
3.45e-06,4.11328e-06,0.444472,4.11328
3.455e-06,4.1155e-06,0.44336,4.1155
3.46e-06,4.11771e-06,0.442252,4.11771
3.465e-06,4.11991e-06,0.441146,4.11991
3.47e-06,4.12211e-06,0.440044,4.12211
3.475e-06,4.12431e-06,0.438943,4.12431
3.48e-06,4.1265e-06,0.437846,4.1265
3.485e-06,4.12868e-06,0.436751,4.12868
3.49e-06,4.13086e-06,0.43566,4.13086
3.495e-06,4.13303e-06,0.43457,4.13303
3.5e-06,4.1352e-06,0.433484,4.1352
3.505e-06,4.13736e-06,0.4324,4.13736
3.51e-06,4.13952e-06,0.431319,4.13952
3.515e-06,4.14167e-06,0.430241,4.14167
3.52e-06,4.14382e-06,0.429165,4.14382
3.525e-06,4.14596e-06,0.428092,4.14596
3.53e-06,4.14809e-06,0.427022,4.14809
3.535e-06,4.15022e-06,0.425955,4.15022
3.54e-06,4.15234e-06,0.42489,4.15234
3.545e-06,4.15446e-06,0.423828,4.15446
3.55e-06,4.15658e-06,0.422768,4.15658
3.555e-06,4.15869e-06,0.421711,4.15869
3.56e-06,4.16079e-06,0.420657,4.16079
3.565e-06,4.16289e-06,0.419605,4.16289
3.57e-06,4.16498e-06,0.418556,4.16498
3.575e-06,4.16707e-06,0.41751,4.16707
3.58e-06,4.16915e-06,0.416466,4.16915
3.585e-06,4.17123e-06,0.415425,4.17123
3.59e-06,4.1733e-06,0.414386,4.1733
3.595e-06,4.17537e-06,0.41335,4.17537
3.6e-06,4.17743e-06,0.412317,4.17743
3.605e-06,4.17948e-06,0.411286,4.17948
3.61e-06,4.18154e-06,0.410258,4.18154
3.615e-06,4.18358e-06,0.409232,4.18358
3.62e-06,4.18562e-06,0.408209,4.18562
3.625e-06,4.18766e-06,0.407189,4.18766
3.63e-06,4.18969e-06,0.406171,4.18969
3.635e-06,4.19172e-06,0.405155,4.19172
3.64e-06,4.19374e-06,0.404142,4.19374
3.645e-06,4.19575e-06,0.403132,4.19575
3.65e-06,4.19776e-06,0.402124,4.19776
3.655e-06,4.19977e-06,0.401119,4.19977
3.66e-06,4.20177e-06,0.400116,4.20177
3.665e-06,4.20376e-06,0.399116,4.20376
3.67e-06,4.20575e-06,0.398118,4.20575
3.675e-06,4.20774e-06,0.397123,4.20774
3.68e-06,4.20972e-06,0.39613,4.20972
3.685e-06,4.2117e-06,0.39514,4.2117
3.69e-06,4.21367e-06,0.394152,4.21367
3.695e-06,4.21563e-06,0.393166,4.21563
3.7e-06,4.21759e-06,0.392183,4.21759
3.705e-06,4.21955e-06,0.391203,4.21955
3.71e-06,4.2215e-06,0.390225,4.2215
3.715e-06,4.22345e-06,0.389249,4.22345
3.72e-06,4.22539e-06,0.388276,4.22539
3.725e-06,4.22733e-06,0.387306,4.22733
3.73e-06,4.22926e-06,0.386337,4.22926
3.735e-06,4.23118e-06,0.385371,4.23118
3.74e-06,4.23311e-06,0.384408,4.23311
3.745e-06,4.23502e-06,0.383447,4.23502
3.75e-06,4.23694e-06,0.382488,4.23694
3.755e-06,4.23884e-06,0.381532,4.23884
3.76e-06,4.24075e-06,0.380578,4.24075
3.765e-06,4.24264e-06,0.379627,4.24264
3.77e-06,4.24454e-06,0.378678,4.24454
3.775e-06,4.24643e-06,0.377731,4.24643
3.78e-06,4.24831e-06,0.376787,4.24831
3.785e-06,4.25019e-06,0.375845,4.25019
3.79e-06,4.25206e-06,0.374905,4.25206
3.795e-06,4.25393e-06,0.373968,4.25393
3.8e-06,4.2558e-06,0.373033,4.2558
3.805e-06,4.25766e-06,0.3721,4.25766
3.81e-06,4.25952e-06,0.37117,4.25952
3.815e-06,4.26137e-06,0.370242,4.26137
3.82e-06,4.26321e-06,0.369317,4.26321
3.825e-06,4.26506e-06,0.368393,4.26506
3.83e-06,4.26689e-06,0.367472,4.26689
3.835e-06,4.26873e-06,0.366554,4.26873
3.84e-06,4.27055e-06,0.365637,4.27055
3.845e-06,4.27238e-06,0.364723,4.27238
3.85e-06,4.2742e-06,0.363811,4.2742
3.855e-06,4.27601e-06,0.362902,4.27601
3.86e-06,4.27782e-06,0.361995,4.27782
3.865e-06,4.27963e-06,0.36109,4.27963
3.87e-06,4.28143e-06,0.360187,4.28143
3.875e-06,4.28322e-06,0.359286,4.28322
3.88e-06,4.28502e-06,0.358388,4.28502
3.885e-06,4.2868e-06,0.357492,4.2868
3.89e-06,4.28859e-06,0.356599,4.28859
3.895e-06,4.29036e-06,0.355707,4.29036
3.9e-06,4.29214e-06,0.354818,4.29214
3.905e-06,4.29391e-06,0.353931,4.29391
3.91e-06,4.29567e-06,0.353046,4.29567
3.915e-06,4.29743e-06,0.352163,4.29743
3.92e-06,4.29919e-06,0.351283,4.29919
3.925e-06,4.30094e-06,0.350405,4.30094
3.93e-06,4.30269e-06,0.349529,4.30269
3.935e-06,4.30443e-06,0.348655,4.30443
3.94e-06,4.30617e-06,0.347783,4.30617
3.945e-06,4.30791e-06,0.346914,4.30791
3.95e-06,4.30964e-06,0.346046,4.30964
3.955e-06,4.31136e-06,0.345181,4.31136
3.96e-06,4.31308e-06,0.344318,4.31308
3.965e-06,4.3148e-06,0.343458,4.3148
3.97e-06,4.31652e-06,0.342599,4.31652
3.975e-06,4.31822e-06,0.341742,4.31822
3.98e-06,4.31993e-06,0.340888,4.31993
3.985e-06,4.32163e-06,0.340036,4.32163
3.99e-06,4.32332e-06,0.339186,4.32332
3.995e-06,4.32502e-06,0.338338,4.32502
4e-06,4.3267e-06,0.337492,4.3267
4.005e-06,4.32839e-06,0.336648,4.32839
4.01e-06,4.33007e-06,0.335807,4.33007
4.015e-06,4.33174e-06,0.334967,4.33174
4.02e-06,4.33341e-06,0.33413,4.33341
4.025e-06,4.33508e-06,0.333294,4.33508
4.03e-06,4.33674e-06,0.332461,4.33674
4.035e-06,4.3384e-06,0.33163,4.3384
4.04e-06,4.34005e-06,0.330801,4.34005
4.045e-06,4.3417e-06,0.329974,4.3417
4.05e-06,4.34335e-06,0.329149,4.34335
4.055e-06,4.34499e-06,0.328326,4.34499
4.06e-06,4.34663e-06,0.327505,4.34663
4.065e-06,4.34826e-06,0.326687,4.34826
4.07e-06,4.34989e-06,0.32587,4.34989
4.075e-06,4.35151e-06,0.325055,4.35151
4.08e-06,4.35314e-06,0.324243,4.35314
4.085e-06,4.35475e-06,0.323432,4.35475
4.09e-06,4.35637e-06,0.322623,4.35637
4.095e-06,4.35798e-06,0.321817,4.35798
4.1e-06,4.35958e-06,0.321012,4.35958
4.105e-06,4.36118e-06,0.32021,4.36118
4.11e-06,4.36278e-06,0.319409,4.36278
4.115e-06,4.36437e-06,0.318611,4.36437
4.12e-06,4.36596e-06,0.317814,4.36596
4.125e-06,4.36755e-06,0.31702,4.36755
4.13e-06,4.36913e-06,0.316227,4.36913
4.135e-06,4.3707e-06,0.315436,4.3707
4.14e-06,4.37228e-06,0.314648,4.37228
4.145e-06,4.37385e-06,0.313861,4.37385
4.15e-06,4.37541e-06,0.313077,4.37541
4.155e-06,4.37697e-06,0.312294,4.37697
4.16e-06,4.37853e-06,0.311513,4.37853
4.165e-06,4.38008e-06,0.310734,4.38008
4.17e-06,4.38163e-06,0.309958,4.38163
4.175e-06,4.38318e-06,0.309183,4.38318
4.18e-06,4.38472e-06,0.30841,4.38472
4.185e-06,4.38626e-06,0.307639,4.38626
4.19e-06,4.3878e-06,0.30687,4.3878
4.195e-06,4.38933e-06,0.306102,4.38933
4.2e-06,4.39085e-06,0.305337,4.39085
4.205e-06,4.39238e-06,0.304574,4.39238
4.21e-06,4.39389e-06,0.303812,4.39389
4.215e-06,4.39541e-06,0.303053,4.39541
4.22e-06,4.39692e-06,0.302295,4.39692
4.225e-06,4.39843e-06,0.301539,4.39843
4.23e-06,4.39993e-06,0.300786,4.39993
4.235e-06,4.40143e-06,0.300034,4.40143
4.24e-06,4.40293e-06,0.299284,4.40293
4.245e-06,4.40442e-06,0.298535,4.40442
4.25e-06,4.40591e-06,0.297789,4.40591
4.255e-06,4.4074e-06,0.297045,4.4074
4.26e-06,4.40888e-06,0.296302,4.40888
4.265e-06,4.41036e-06,0.295561,4.41036
4.27e-06,4.41183e-06,0.294822,4.41183
4.275e-06,4.4133e-06,0.294085,4.4133
4.28e-06,4.41477e-06,0.29335,4.41477
4.285e-06,4.41623e-06,0.292617,4.41623
4.29e-06,4.41769e-06,0.291885,4.41769
4.295e-06,4.41914e-06,0.291155,4.41914
4.3e-06,4.4206e-06,0.290428,4.4206
4.305e-06,4.42205e-06,0.289701,4.42205
4.31e-06,4.42349e-06,0.288977,4.42349
4.315e-06,4.42493e-06,0.288255,4.42493
4.32e-06,4.42637e-06,0.287534,4.42637
4.325e-06,4.4278e-06,0.286815,4.4278
4.33e-06,4.42923e-06,0.286098,4.42923
4.335e-06,4.43066e-06,0.285383,4.43066
4.34e-06,4.43208e-06,0.28467,4.43208
4.345e-06,4.4335e-06,0.283958,4.4335
4.35e-06,4.43492e-06,0.283248,4.43492
4.355e-06,4.43633e-06,0.28254,4.43633
4.36e-06,4.43774e-06,0.281833,4.43774
4.365e-06,4.43915e-06,0.281129,4.43915
4.37e-06,4.44055e-06,0.280426,4.44055
4.375e-06,4.44195e-06,0.279725,4.44195
4.38e-06,4.44334e-06,0.279026,4.44334
4.385e-06,4.44474e-06,0.278328,4.44474
4.39e-06,4.44612e-06,0.277632,4.44612
4.395e-06,4.44751e-06,0.276938,4.44751
4.4e-06,4.44889e-06,0.276246,4.44889
4.405e-06,4.45027e-06,0.275555,4.45027
4.41e-06,4.45164e-06,0.274866,4.45164
4.415e-06,4.45301e-06,0.274179,4.45301
4.42e-06,4.45438e-06,0.273494,4.45438
4.425e-06,4.45574e-06,0.27281,4.45574
4.43e-06,4.4571e-06,0.272128,4.4571
4.435e-06,4.45846e-06,0.271448,4.45846
4.44e-06,4.45982e-06,0.270769,4.45982
4.445e-06,4.46117e-06,0.270092,4.46117
4.45e-06,4.46251e-06,0.269417,4.46251
4.455e-06,4.46386e-06,0.268743,4.46386
4.46e-06,4.4652e-06,0.268072,4.4652
4.465e-06,4.46653e-06,0.267401,4.46653
4.47e-06,4.46787e-06,0.266733,4.46787
4.475e-06,4.4692e-06,0.266066,4.4692
4.48e-06,4.47053e-06,0.265401,4.47053
4.485e-06,4.47185e-06,0.264737,4.47185
4.49e-06,4.47317e-06,0.264076,4.47317
4.495e-06,4.47449e-06,0.263415,4.47449
4.5e-06,4.4758e-06,0.262757,4.4758
4.505e-06,4.47711e-06,0.2621,4.47711
4.51e-06,4.47842e-06,0.261445,4.47842
4.515e-06,4.47972e-06,0.260791,4.47972
4.52e-06,4.48102e-06,0.260139,4.48102
4.525e-06,4.48232e-06,0.259489,4.48232
4.53e-06,4.48361e-06,0.25884,4.48361
4.535e-06,4.48491e-06,0.258193,4.48491
4.54e-06,4.48619e-06,0.257547,4.48619
4.545e-06,4.48748e-06,0.256904,4.48748
4.55e-06,4.48876e-06,0.256261,4.48876
4.555e-06,4.49004e-06,0.255621,4.49004
4.56e-06,4.49131e-06,0.254982,4.49131
4.565e-06,4.49258e-06,0.254344,4.49258
4.57e-06,4.49385e-06,0.253708,4.49385
4.575e-06,4.49512e-06,0.253074,4.49512
4.58e-06,4.49638e-06,0.252441,4.49638
4.585e-06,4.49764e-06,0.25181,4.49764
4.59e-06,4.49889e-06,0.251181,4.49889
4.595e-06,4.50015e-06,0.250553,4.50015
4.6e-06,4.5014e-06,0.249926,4.5014
4.605e-06,4.50264e-06,0.249302,4.50264
4.61e-06,4.50389e-06,0.248678,4.50389
4.615e-06,4.50513e-06,0.248057,4.50513
4.62e-06,4.50636e-06,0.247436,4.50636
4.625e-06,4.5076e-06,0.246818,4.5076
4.63e-06,4.50883e-06,0.246201,4.50883
4.635e-06,4.51006e-06,0.245585,4.51006
4.64e-06,4.51128e-06,0.244971,4.51128
4.645e-06,4.5125e-06,0.244359,4.5125
4.65e-06,4.51372e-06,0.243748,4.51372
4.655e-06,4.51494e-06,0.243139,4.51494
4.66e-06,4.51615e-06,0.242531,4.51615
4.665e-06,4.51736e-06,0.241924,4.51736
4.67e-06,4.51857e-06,0.24132,4.51857
4.675e-06,4.51977e-06,0.240716,4.51977
4.68e-06,4.52097e-06,0.240115,4.52097
4.685e-06,4.52217e-06,0.239514,4.52217
4.69e-06,4.52336e-06,0.238915,4.52336
4.695e-06,4.52456e-06,0.238318,4.52456
4.7e-06,4.52574e-06,0.237722,4.52574
4.705e-06,4.52693e-06,0.237128,4.52693
4.71e-06,4.52811e-06,0.236535,4.52811
4.715e-06,4.52929e-06,0.235944,4.52929
4.72e-06,4.53047e-06,0.235354,4.53047
4.725e-06,4.53164e-06,0.234766,4.53164
4.73e-06,4.53281e-06,0.234179,4.53281
4.735e-06,4.53398e-06,0.233593,4.53398
4.74e-06,4.53515e-06,0.233009,4.53515
4.745e-06,4.53631e-06,0.232427,4.53631
4.75e-06,4.53747e-06,0.231846,4.53747
4.755e-06,4.53862e-06,0.231266,4.53862
4.76e-06,4.53978e-06,0.230688,4.53978
4.765e-06,4.54093e-06,0.230111,4.54093
4.77e-06,4.54208e-06,0.229536,4.54208
4.775e-06,4.54322e-06,0.228962,4.54322
4.78e-06,4.54436e-06,0.22839,4.54436
4.785e-06,4.5455e-06,0.227819,4.5455
4.79e-06,4.54664e-06,0.227249,4.54664
4.795e-06,4.54777e-06,0.226681,4.54777
4.8e-06,4.5489e-06,0.226114,4.5489
4.805e-06,4.55003e-06,0.225549,4.55003
4.81e-06,4.55115e-06,0.224985,4.55115
4.815e-06,4.55228e-06,0.224423,4.55228
4.82e-06,4.5534e-06,0.223862,4.5534
4.825e-06,4.55451e-06,0.223302,4.55451
4.83e-06,4.55563e-06,0.222744,4.55563
4.835e-06,4.55674e-06,0.222187,4.55674
4.84e-06,4.55785e-06,0.221631,4.55785
4.845e-06,4.55895e-06,0.221077,4.55895
4.85e-06,4.56005e-06,0.220525,4.56005
4.855e-06,4.56115e-06,0.219973,4.56115
4.86e-06,4.56225e-06,0.219423,4.56225
4.865e-06,4.56334e-06,0.218875,4.56334
4.87e-06,4.56444e-06,0.218328,4.56444
4.875e-06,4.56553e-06,0.217782,4.56553
4.88e-06,4.56661e-06,0.217237,4.56661
4.885e-06,4.56769e-06,0.216694,4.56769
4.89e-06,4.56878e-06,0.216153,4.56878
4.895e-06,4.56985e-06,0.215612,4.56985
4.9e-06,4.57093e-06,0.215073,4.57093
4.905e-06,4.572e-06,0.214536,4.572
4.91e-06,4.57307e-06,0.213999,4.57307
4.915e-06,4.57414e-06,0.213464,4.57414
4.92e-06,4.5752e-06,0.212931,4.5752
4.925e-06,4.57627e-06,0.212398,4.57627
4.93e-06,4.57732e-06,0.211867,4.57732
4.935e-06,4.57838e-06,0.211338,4.57838
4.94e-06,4.57944e-06,0.210809,4.57944
4.945e-06,4.58049e-06,0.210282,4.58049
4.95e-06,4.58154e-06,0.209756,4.58154
4.955e-06,4.58258e-06,0.209232,4.58258
4.96e-06,4.58363e-06,0.208709,4.58363
4.965e-06,4.58467e-06,0.208187,4.58467
4.97e-06,4.5857e-06,0.207667,4.5857
4.975e-06,4.58674e-06,0.207148,4.58674
4.98e-06,4.58777e-06,0.20663,4.58777
4.985e-06,4.5888e-06,0.206113,4.5888
4.99e-06,4.58983e-06,0.205598,4.58983
4.995e-06,4.59086e-06,0.205084,4.59086
5e-06,4.59188e-06,0.204571,4.59188
5.005e-06,4.5929e-06,0.20406,4.5929
5.01e-06,4.59392e-06,0.20355,4.59392
5.015e-06,4.59493e-06,0.203041,4.59493
5.02e-06,4.59595e-06,0.202533,4.59595
5.025e-06,4.59696e-06,0.202027,4.59696
5.03e-06,4.59796e-06,0.201522,4.59796
5.035e-06,4.59897e-06,0.201018,4.59897
5.04e-06,4.59997e-06,0.200515,4.59997
5.045e-06,4.60097e-06,0.200014,4.60097
5.05e-06,4.60197e-06,0.199514,4.60197
5.055e-06,4.60296e-06,0.199015,4.60296
5.06e-06,4.60396e-06,0.198518,4.60396
5.065e-06,4.60495e-06,0.198021,4.60495
5.07e-06,4.60593e-06,0.197526,4.60593
5.075e-06,4.60692e-06,0.197033,4.60692
5.08e-06,4.6079e-06,0.19654,4.6079
5.085e-06,4.60888e-06,0.196049,4.60888
5.09e-06,4.60986e-06,0.195558,4.60986
5.095e-06,4.61084e-06,0.19507,4.61084
5.1e-06,4.61181e-06,0.194582,4.61181
5.105e-06,4.61278e-06,0.194095,4.61278
5.11e-06,4.61375e-06,0.19361,4.61375
5.115e-06,4.61471e-06,0.193126,4.61471
5.12e-06,4.61568e-06,0.192643,4.61568
5.125e-06,4.61664e-06,0.192162,4.61664
5.13e-06,4.6176e-06,0.191681,4.6176
5.135e-06,4.61855e-06,0.191202,4.61855
5.14e-06,4.61951e-06,0.190724,4.61951
5.145e-06,4.62046e-06,0.190247,4.62046
5.15e-06,4.62141e-06,0.189772,4.62141
5.155e-06,4.62235e-06,0.189297,4.62235
5.16e-06,4.6233e-06,0.188824,4.6233
5.165e-06,4.62424e-06,0.188352,4.62424
5.17e-06,4.62518e-06,0.187881,4.62518
5.175e-06,4.62611e-06,0.187411,4.62611
5.18e-06,4.62705e-06,0.186943,4.62705
5.185e-06,4.62798e-06,0.186476,4.62798
5.19e-06,4.62891e-06,0.186009,4.62891
5.195e-06,4.62984e-06,0.185544,4.62984
5.2e-06,4.63076e-06,0.18508,4.63076
5.205e-06,4.63169e-06,0.184618,4.63169
5.21e-06,4.63261e-06,0.184156,4.63261
5.215e-06,4.63353e-06,0.183696,4.63353
5.22e-06,4.63444e-06,0.183237,4.63444
5.225e-06,4.63536e-06,0.182778,4.63536
5.23e-06,4.63627e-06,0.182322,4.63627
5.235e-06,4.63718e-06,0.181866,4.63718
5.24e-06,4.63808e-06,0.181411,4.63808
5.245e-06,4.63899e-06,0.180958,4.63899
5.25e-06,4.63989e-06,0.180505,4.63989
5.255e-06,4.64079e-06,0.180054,4.64079
5.26e-06,4.64169e-06,0.179604,4.64169
5.265e-06,4.64259e-06,0.179155,4.64259
5.27e-06,4.64348e-06,0.178707,4.64348
5.275e-06,4.64437e-06,0.17826,4.64437
5.28e-06,4.64526e-06,0.177814,4.64526
5.285e-06,4.64615e-06,0.17737,4.64615
5.29e-06,4.64703e-06,0.176926,4.64703
5.295e-06,4.64791e-06,0.176484,4.64791
5.3e-06,4.64879e-06,0.176043,4.64879
5.305e-06,4.64967e-06,0.175603,4.64967
5.31e-06,4.65055e-06,0.175164,4.65055
5.315e-06,4.65142e-06,0.174726,4.65142
5.32e-06,4.65229e-06,0.174289,4.65229
5.325e-06,4.65316e-06,0.173853,4.65316
5.33e-06,4.65403e-06,0.173419,4.65403
5.335e-06,4.65489e-06,0.172985,4.65489
5.34e-06,4.65576e-06,0.172553,4.65576
5.345e-06,4.65662e-06,0.172121,4.65662
5.35e-06,4.65748e-06,0.171691,4.65748
5.355e-06,4.65833e-06,0.171262,4.65833
5.36e-06,4.65919e-06,0.170834,4.65919
5.365e-06,4.66004e-06,0.170407,4.66004
5.37e-06,4.66089e-06,0.169981,4.66089
5.375e-06,4.66174e-06,0.169556,4.66174
5.38e-06,4.66258e-06,0.169132,4.66258
5.385e-06,4.66343e-06,0.168709,4.66343
5.39e-06,4.66427e-06,0.168287,4.66427
5.395e-06,4.66511e-06,0.167866,4.66511
5.4e-06,4.66594e-06,0.167447,4.66594
5.405e-06,4.66678e-06,0.167028,4.66678
5.41e-06,4.66761e-06,0.166611,4.66761
5.415e-06,4.66844e-06,0.166194,4.66844
5.42e-06,4.66927e-06,0.165779,4.66927
5.425e-06,4.6701e-06,0.165364,4.6701
5.43e-06,4.67092e-06,0.164951,4.67092
5.435e-06,4.67175e-06,0.164538,4.67175
5.44e-06,4.67257e-06,0.164127,4.67257
5.445e-06,4.67339e-06,0.163717,4.67339
5.45e-06,4.6742e-06,0.163307,4.6742
5.455e-06,4.67502e-06,0.162899,4.67502
5.46e-06,4.67583e-06,0.162492,4.67583
5.465e-06,4.67664e-06,0.162086,4.67664
5.47e-06,4.67745e-06,0.16168,4.67745
5.475e-06,4.67825e-06,0.161276,4.67825
5.48e-06,4.67906e-06,0.160873,4.67906
5.485e-06,4.67986e-06,0.160471,4.67986
5.49e-06,4.68066e-06,0.16007,4.68066
5.495e-06,4.68146e-06,0.159669,4.68146
5.5e-06,4.68226e-06,0.15927,4.68226
5.505e-06,4.68305e-06,0.158872,4.68305
5.51e-06,4.68384e-06,0.158475,4.68384
5.515e-06,4.68463e-06,0.158079,4.68463
5.52e-06,4.68542e-06,0.157684,4.68542
5.525e-06,4.68621e-06,0.157289,4.68621
5.53e-06,4.68699e-06,0.156896,4.68699
5.535e-06,4.68777e-06,0.156504,4.68777
5.54e-06,4.68856e-06,0.156113,4.68856
5.545e-06,4.68933e-06,0.155722,4.68933
5.55e-06,4.69011e-06,0.155333,4.69011
5.555e-06,4.69089e-06,0.154945,4.69089
5.56e-06,4.69166e-06,0.154557,4.69166
5.565e-06,4.69243e-06,0.154171,4.69243
5.57e-06,4.6932e-06,0.153786,4.6932
5.575e-06,4.69396e-06,0.153401,4.69396
5.58e-06,4.69473e-06,0.153018,4.69473
5.585e-06,4.69549e-06,0.152635,4.69549
5.59e-06,4.69625e-06,0.152253,4.69625
5.595e-06,4.69701e-06,0.151873,4.69701
5.6e-06,4.69777e-06,0.151493,4.69777
5.605e-06,4.69853e-06,0.151114,4.69853
5.61e-06,4.69928e-06,0.150737,4.69928
5.615e-06,4.70003e-06,0.15036,4.70003
5.62e-06,4.70078e-06,0.149984,4.70078
5.625e-06,4.70153e-06,0.149609,4.70153
5.63e-06,4.70228e-06,0.149235,4.70228
5.635e-06,4.70302e-06,0.148862,4.70302
5.64e-06,4.70376e-06,0.14849,4.70376
5.645e-06,4.7045e-06,0.148118,4.7045
5.65e-06,4.70524e-06,0.147748,4.70524
5.655e-06,4.70598e-06,0.147379,4.70598
5.66e-06,4.70671e-06,0.14701,4.70671
5.665e-06,4.70745e-06,0.146643,4.70745
5.67e-06,4.70818e-06,0.146276,4.70818
5.675e-06,4.70891e-06,0.14591,4.70891
5.68e-06,4.70964e-06,0.145546,4.70964
5.685e-06,4.71036e-06,0.145182,4.71036
5.69e-06,4.71109e-06,0.144819,4.71109
5.695e-06,4.71181e-06,0.144457,4.71181
5.7e-06,4.71253e-06,0.144096,4.71253
5.705e-06,4.71325e-06,0.143735,4.71325
5.71e-06,4.71396e-06,0.143376,4.71396
5.715e-06,4.71468e-06,0.143018,4.71468
5.72e-06,4.71539e-06,0.14266,4.71539
5.725e-06,4.7161e-06,0.142303,4.7161
5.73e-06,4.71681e-06,0.141948,4.71681
5.735e-06,4.71752e-06,0.141593,4.71752
5.74e-06,4.71823e-06,0.141239,4.71823
5.745e-06,4.71893e-06,0.140886,4.71893
5.75e-06,4.71964e-06,0.140534,4.71964
5.755e-06,4.72034e-06,0.140182,4.72034
5.76e-06,4.72104e-06,0.139832,4.72104
5.765e-06,4.72173e-06,0.139482,4.72173
5.77e-06,4.72243e-06,0.139133,4.72243
5.775e-06,4.72312e-06,0.138786,4.72312
5.78e-06,4.72381e-06,0.138439,4.72381
5.785e-06,4.72451e-06,0.138093,4.72451
5.79e-06,4.72519e-06,0.137747,4.72519
5.795e-06,4.72588e-06,0.137403,4.72588
5.8e-06,4.72657e-06,0.137059,4.72657
5.805e-06,4.72725e-06,0.136717,4.72725
5.81e-06,4.72793e-06,0.136375,4.72793
5.815e-06,4.72861e-06,0.136034,4.72861
5.82e-06,4.72929e-06,0.135694,4.72929
5.825e-06,4.72997e-06,0.135355,4.72997
5.83e-06,4.73064e-06,0.135016,4.73064
5.835e-06,4.73132e-06,0.134679,4.73132
5.84e-06,4.73199e-06,0.134342,4.73199
5.845e-06,4.73266e-06,0.134006,4.73266
5.85e-06,4.73333e-06,0.133671,4.73333
5.855e-06,4.73399e-06,0.133337,4.73399
5.86e-06,4.73466e-06,0.133004,4.73466
5.865e-06,4.73532e-06,0.132671,4.73532
5.87e-06,4.73598e-06,0.13234,4.73598
5.875e-06,4.73664e-06,0.132009,4.73664
5.88e-06,4.7373e-06,0.131679,4.7373
5.885e-06,4.73796e-06,0.13135,4.73796
5.89e-06,4.73861e-06,0.131021,4.73861
5.895e-06,4.73927e-06,0.130694,4.73927
5.9e-06,4.73992e-06,0.130367,4.73992
5.905e-06,4.74057e-06,0.130041,4.74057
5.91e-06,4.74122e-06,0.129716,4.74122
5.915e-06,4.74186e-06,0.129392,4.74186
5.92e-06,4.74251e-06,0.129068,4.74251
5.925e-06,4.74315e-06,0.128745,4.74315
5.93e-06,4.7438e-06,0.128424,4.7438
5.935e-06,4.74444e-06,0.128102,4.74444
5.94e-06,4.74507e-06,0.127782,4.74507
5.945e-06,4.74571e-06,0.127463,4.74571
5.95e-06,4.74635e-06,0.127144,4.74635
5.955e-06,4.74698e-06,0.126826,4.74698
5.96e-06,4.74761e-06,0.126509,4.74761
5.965e-06,4.74825e-06,0.126193,4.74825
5.97e-06,4.74887e-06,0.125877,4.74887
5.975e-06,4.7495e-06,0.125563,4.7495
5.98e-06,4.75013e-06,0.125249,4.75013
5.985e-06,4.75075e-06,0.124936,4.75075
5.99e-06,4.75138e-06,0.124623,4.75138
5.995e-06,4.752e-06,0.124312,4.752
6e-06,4.75262e-06,0.124001,4.75262
6.005e-06,4.75324e-06,0.123691,4.75324
6.01e-06,4.75385e-06,0.123382,4.75385
6.015e-06,4.75447e-06,0.123073,4.75447
6.02e-06,4.75508e-06,0.122766,4.75508
6.025e-06,4.75569e-06,0.122459,4.75569
6.03e-06,4.75631e-06,0.122153,4.75631
6.035e-06,4.75691e-06,0.121847,4.75691
6.04e-06,4.75752e-06,0.121543,4.75752
6.045e-06,4.75813e-06,0.121239,4.75813
6.05e-06,4.75873e-06,0.120936,4.75873
6.055e-06,4.75934e-06,0.120633,4.75934
6.06e-06,4.75994e-06,0.120332,4.75994
6.065e-06,4.76054e-06,0.120031,4.76054
6.07e-06,4.76114e-06,0.119731,4.76114
6.075e-06,4.76173e-06,0.119431,4.76173
6.08e-06,4.76233e-06,0.119133,4.76233
6.085e-06,4.76292e-06,0.118835,4.76292
6.09e-06,4.76352e-06,0.118538,4.76352
6.095e-06,4.76411e-06,0.118242,4.76411
6.1e-06,4.7647e-06,0.117946,4.7647
6.105e-06,4.76529e-06,0.117651,4.76529
6.11e-06,4.76587e-06,0.117357,4.76587
6.115e-06,4.76646e-06,0.117064,4.76646
6.12e-06,4.76704e-06,0.116771,4.76704
6.125e-06,4.76762e-06,0.116479,4.76762
6.13e-06,4.76821e-06,0.116188,4.76821
6.135e-06,4.76878e-06,0.115897,4.76878
6.14e-06,4.76936e-06,0.115608,4.76936
6.145e-06,4.76994e-06,0.115319,4.76994
6.15e-06,4.77051e-06,0.11503,4.77051
6.155e-06,4.77109e-06,0.114743,4.77109
6.16e-06,4.77166e-06,0.114456,4.77166
6.165e-06,4.77223e-06,0.11417,4.77223
6.17e-06,4.7728e-06,0.113884,4.7728
6.175e-06,4.77337e-06,0.1136,4.77337
6.18e-06,4.77394e-06,0.113316,4.77394
6.185e-06,4.7745e-06,0.113032,4.7745
6.19e-06,4.77506e-06,0.11275,4.77506
6.195e-06,4.77563e-06,0.112468,4.77563
6.2e-06,4.77619e-06,0.112187,4.77619
6.205e-06,4.77675e-06,0.111906,4.77675
6.21e-06,4.77731e-06,0.111626,4.77731
6.215e-06,4.77786e-06,0.111347,4.77786
6.22e-06,4.77842e-06,0.111069,4.77842
6.225e-06,4.77897e-06,0.110791,4.77897
6.23e-06,4.77952e-06,0.110514,4.77952
6.235e-06,4.78007e-06,0.110238,4.78007
6.24e-06,4.78062e-06,0.109963,4.78062
6.245e-06,4.78117e-06,0.109688,4.78117
6.25e-06,4.78172e-06,0.109413,4.78172
6.255e-06,4.78227e-06,0.10914,4.78227
6.26e-06,4.78281e-06,0.108867,4.78281
6.265e-06,4.78335e-06,0.108595,4.78335
6.27e-06,4.78389e-06,0.108323,4.78389
6.275e-06,4.78444e-06,0.108053,4.78444
6.28e-06,4.78497e-06,0.107782,4.78497
6.285e-06,4.78551e-06,0.107513,4.78551
6.29e-06,4.78605e-06,0.107244,4.78605
6.295e-06,4.78658e-06,0.106976,4.78658
6.3e-06,4.78712e-06,0.106709,4.78712
6.305e-06,4.78765e-06,0.106442,4.78765
6.31e-06,4.78818e-06,0.106176,4.78818
6.315e-06,4.78871e-06,0.10591,4.78871
6.32e-06,4.78924e-06,0.105646,4.78924
6.325e-06,4.78976e-06,0.105381,4.78976
6.33e-06,4.79029e-06,0.105118,4.79029
6.335e-06,4.79081e-06,0.104855,4.79081
6.34e-06,4.79134e-06,0.104593,4.79134
6.345e-06,4.79186e-06,0.104332,4.79186
6.35e-06,4.79238e-06,0.104071,4.79238
6.355e-06,4.7929e-06,0.103811,4.7929
6.36e-06,4.79342e-06,0.103551,4.79342
6.365e-06,4.79393e-06,0.103292,4.79393
6.37e-06,4.79445e-06,0.103034,4.79445
6.375e-06,4.79496e-06,0.102776,4.79496
6.38e-06,4.79547e-06,0.102519,4.79547
6.385e-06,4.79599e-06,0.102263,4.79599
6.39e-06,4.7965e-06,0.102007,4.7965
6.395e-06,4.797e-06,0.101752,4.797
6.4e-06,4.79751e-06,0.101498,4.79751
6.405e-06,4.79802e-06,0.101244,4.79802
6.41e-06,4.79852e-06,0.100991,4.79852
6.415e-06,4.79903e-06,0.100739,4.79903
6.42e-06,4.79953e-06,0.100487,4.79953
6.425e-06,4.80003e-06,0.100236,4.80003
6.43e-06,4.80053e-06,0.099985,4.80053
6.435e-06,4.80103e-06,0.0997351,4.80103
6.44e-06,4.80153e-06,0.0994857,4.80153
6.445e-06,4.80202e-06,0.099237,4.80202
6.45e-06,4.80252e-06,0.0989889,4.80252
6.455e-06,4.80301e-06,0.0987415,4.80301
6.46e-06,4.8035e-06,0.0984946,4.8035
6.465e-06,4.80399e-06,0.0982484,4.80399
6.47e-06,4.80448e-06,0.0980027,4.80448
6.475e-06,4.80497e-06,0.0977577,4.80497
6.48e-06,4.80546e-06,0.0975133,4.80546
6.485e-06,4.80595e-06,0.0972696,4.80595
6.49e-06,4.80643e-06,0.0970264,4.80643
6.495e-06,4.80692e-06,0.0967838,4.80692
6.5e-06,4.8074e-06,0.0965419,4.8074
6.505e-06,4.80788e-06,0.0963005,4.80788
6.51e-06,4.80836e-06,0.0960598,4.80836
6.515e-06,4.80884e-06,0.0958196,4.80884
6.52e-06,4.80932e-06,0.0955801,4.80932
6.525e-06,4.80979e-06,0.0953411,4.80979
6.53e-06,4.81027e-06,0.0951028,4.81027
6.535e-06,4.81074e-06,0.094865,4.81074
6.54e-06,4.81122e-06,0.0946278,4.81122
6.545e-06,4.81169e-06,0.0943913,4.81169
6.55e-06,4.81216e-06,0.0941553,4.81216
6.555e-06,4.81263e-06,0.0939199,4.81263
6.56e-06,4.8131e-06,0.0936851,4.8131
6.565e-06,4.81357e-06,0.0934509,4.81357
6.57e-06,4.81403e-06,0.0932173,4.81403
6.575e-06,4.8145e-06,0.0929842,4.8145
6.58e-06,4.81496e-06,0.0927518,4.81496
6.585e-06,4.81542e-06,0.0925199,4.81542
6.59e-06,4.81588e-06,0.0922886,4.81588
6.595e-06,4.81634e-06,0.0920579,4.81634
6.6e-06,4.8168e-06,0.0918277,4.8168
6.605e-06,4.81726e-06,0.0915981,4.81726
6.61e-06,4.81772e-06,0.0913691,4.81772
6.615e-06,4.81817e-06,0.0911407,4.81817
6.62e-06,4.81863e-06,0.0909129,4.81863
6.625e-06,4.81908e-06,0.0906856,4.81908
6.63e-06,4.81953e-06,0.0904589,4.81953
6.635e-06,4.81999e-06,0.0902327,4.81999
6.64e-06,4.82044e-06,0.0900071,4.82044
6.645e-06,4.82088e-06,0.0897821,4.82088
6.65e-06,4.82133e-06,0.0895577,4.82133
6.655e-06,4.82178e-06,0.0893338,4.82178
6.66e-06,4.82222e-06,0.0891104,4.82222
6.665e-06,4.82267e-06,0.0888877,4.82267
6.67e-06,4.82311e-06,0.0886655,4.82311
6.675e-06,4.82355e-06,0.0884438,4.82355
6.68e-06,4.824e-06,0.0882227,4.824
6.685e-06,4.82444e-06,0.0880021,4.82444
6.69e-06,4.82487e-06,0.0877821,4.82487
6.695e-06,4.82531e-06,0.0875627,4.82531
6.7e-06,4.82575e-06,0.0873438,4.82575
6.705e-06,4.82618e-06,0.0871254,4.82618
6.71e-06,4.82662e-06,0.0869076,4.82662
6.715e-06,4.82705e-06,0.0866903,4.82705
6.72e-06,4.82749e-06,0.0864736,4.82749
6.725e-06,4.82792e-06,0.0862574,4.82792
6.73e-06,4.82835e-06,0.0860418,4.82835
6.735e-06,4.82878e-06,0.0858267,4.82878
6.74e-06,4.8292e-06,0.0856121,4.8292
6.745e-06,4.82963e-06,0.0853981,4.82963
6.75e-06,4.83006e-06,0.0851846,4.83006
6.755e-06,4.83048e-06,0.0849716,4.83048
6.76e-06,4.83091e-06,0.0847592,4.83091
6.765e-06,4.83133e-06,0.0845473,4.83133
6.77e-06,4.83175e-06,0.0843359,4.83175
6.775e-06,4.83217e-06,0.0841251,4.83217
6.78e-06,4.83259e-06,0.0839148,4.83259
6.785e-06,4.83301e-06,0.083705,4.83301
6.79e-06,4.83343e-06,0.0834957,4.83343
6.795e-06,4.83384e-06,0.083287,4.83384
6.8e-06,4.83426e-06,0.0830787,4.83426
6.805e-06,4.83467e-06,0.082871,4.83467
6.81e-06,4.83509e-06,0.0826639,4.83509
6.815e-06,4.8355e-06,0.0824572,4.8355
6.82e-06,4.83591e-06,0.0822511,4.83591
6.825e-06,4.83632e-06,0.0820454,4.83632
6.83e-06,4.83673e-06,0.0818403,4.83673
6.835e-06,4.83714e-06,0.0816357,4.83714
6.84e-06,4.83754e-06,0.0814316,4.83754
6.845e-06,4.83795e-06,0.0812281,4.83795
6.85e-06,4.83836e-06,0.081025,4.83836
6.855e-06,4.83876e-06,0.0808224,4.83876
6.86e-06,4.83916e-06,0.0806204,4.83916
6.865e-06,4.83956e-06,0.0804188,4.83956
6.87e-06,4.83997e-06,0.0802178,4.83997
6.875e-06,4.84037e-06,0.0800172,4.84037
6.88e-06,4.84076e-06,0.0798172,4.84076
6.885e-06,4.84116e-06,0.0796176,4.84116
6.89e-06,4.84156e-06,0.0794186,4.84156
6.895e-06,4.84196e-06,0.0792201,4.84196
6.9e-06,4.84235e-06,0.079022,4.84235
6.905e-06,4.84275e-06,0.0788244,4.84275
6.91e-06,4.84314e-06,0.0786274,4.84314
6.915e-06,4.84353e-06,0.0784308,4.84353
6.92e-06,4.84392e-06,0.0782347,4.84392
6.925e-06,4.84431e-06,0.0780392,4.84431
6.93e-06,4.8447e-06,0.0778441,4.8447
6.935e-06,4.84509e-06,0.0776494,4.84509
6.94e-06,4.84548e-06,0.0774553,4.84548
6.945e-06,4.84586e-06,0.0772617,4.84586
6.95e-06,4.84625e-06,0.0770685,4.84625
6.955e-06,4.84663e-06,0.0768759,4.84663
6.96e-06,4.84702e-06,0.0766837,4.84702
6.965e-06,4.8474e-06,0.076492,4.8474
6.97e-06,4.84778e-06,0.0763007,4.84778
6.975e-06,4.84816e-06,0.07611,4.84816
6.98e-06,4.84854e-06,0.0759197,4.84854
6.985e-06,4.84892e-06,0.0757299,4.84892
6.99e-06,4.8493e-06,0.0755406,4.8493
6.995e-06,4.84967e-06,0.0753517,4.84967
7e-06,4.85005e-06,0.0751633,4.85005
7.005e-06,4.85042e-06,0.0749754,4.85042
7.01e-06,4.8508e-06,0.074788,4.8508
7.015e-06,4.85117e-06,0.074601,4.85117
7.02e-06,4.85154e-06,0.0744145,4.85154
7.025e-06,4.85191e-06,0.0742285,4.85191
7.03e-06,4.85228e-06,0.0740429,4.85228
7.035e-06,4.85265e-06,0.0738578,4.85265
7.04e-06,4.85302e-06,0.0736732,4.85302
7.045e-06,4.85339e-06,0.073489,4.85339
7.05e-06,4.85376e-06,0.0733053,4.85376
7.055e-06,4.85412e-06,0.073122,4.85412
7.06e-06,4.85449e-06,0.0729392,4.85449
7.065e-06,4.85485e-06,0.0727568,4.85485
7.07e-06,4.85521e-06,0.072575,4.85521
7.075e-06,4.85557e-06,0.0723935,4.85557
7.08e-06,4.85594e-06,0.0722125,4.85594
7.085e-06,4.8563e-06,0.072032,4.8563
7.09e-06,4.85666e-06,0.0718519,4.85666
7.095e-06,4.85701e-06,0.0716723,4.85701
7.1e-06,4.85737e-06,0.0714931,4.85737
7.105e-06,4.85773e-06,0.0713144,4.85773
7.11e-06,4.85808e-06,0.0711361,4.85808
7.115e-06,4.85844e-06,0.0709583,4.85844
7.12e-06,4.85879e-06,0.0707809,4.85879
7.125e-06,4.85915e-06,0.0706039,4.85915
7.13e-06,4.8595e-06,0.0704274,4.8595
7.135e-06,4.85985e-06,0.0702513,4.85985
7.14e-06,4.8602e-06,0.0700757,4.8602
7.145e-06,4.86055e-06,0.0699005,4.86055
7.15e-06,4.8609e-06,0.0697258,4.8609
7.155e-06,4.86124e-06,0.0695514,4.86124
7.16e-06,4.86159e-06,0.0693776,4.86159
7.165e-06,4.86194e-06,0.0692041,4.86194
7.17e-06,4.86228e-06,0.0690311,4.86228
7.175e-06,4.86263e-06,0.0688585,4.86263
7.18e-06,4.86297e-06,0.0686864,4.86297
7.185e-06,4.86331e-06,0.0685147,4.86331
7.19e-06,4.86365e-06,0.0683434,4.86365
7.195e-06,4.864e-06,0.0681725,4.864
7.2e-06,4.86434e-06,0.0680021,4.86434
7.205e-06,4.86467e-06,0.0678321,4.86467
7.21e-06,4.86501e-06,0.0676625,4.86501
7.215e-06,4.86535e-06,0.0674934,4.86535
7.22e-06,4.86569e-06,0.0673246,4.86569
7.225e-06,4.86602e-06,0.0671563,4.86602
7.23e-06,4.86636e-06,0.0669884,4.86636
7.235e-06,4.86669e-06,0.0668209,4.86669
7.24e-06,4.86703e-06,0.0666539,4.86703
7.245e-06,4.86736e-06,0.0664873,4.86736
7.25e-06,4.86769e-06,0.066321,4.86769
7.255e-06,4.86802e-06,0.0661552,4.86802
7.26e-06,4.86835e-06,0.0659898,4.86835
7.265e-06,4.86868e-06,0.0658249,4.86868
7.27e-06,4.86901e-06,0.0656603,4.86901
7.275e-06,4.86934e-06,0.0654962,4.86934
7.28e-06,4.86966e-06,0.0653324,4.86966
7.285e-06,4.86999e-06,0.0651691,4.86999
7.29e-06,4.87031e-06,0.0650062,4.87031
7.295e-06,4.87064e-06,0.0648437,4.87064
7.3e-06,4.87096e-06,0.0646815,4.87096
7.305e-06,4.87128e-06,0.0645198,4.87128
7.31e-06,4.8716e-06,0.0643585,4.8716
7.315e-06,4.87193e-06,0.0641976,4.87193
7.32e-06,4.87225e-06,0.0640371,4.87225
7.325e-06,4.87257e-06,0.0638771,4.87257
7.33e-06,4.87288e-06,0.0637174,4.87288
7.335e-06,4.8732e-06,0.0635581,4.8732
7.34e-06,4.87352e-06,0.0633992,4.87352
7.345e-06,4.87383e-06,0.0632407,4.87383
7.35e-06,4.87415e-06,0.0630826,4.87415
7.355e-06,4.87446e-06,0.0629249,4.87446
7.36e-06,4.87478e-06,0.0627676,4.87478
7.365e-06,4.87509e-06,0.0626106,4.87509
7.37e-06,4.8754e-06,0.0624541,4.8754
7.375e-06,4.87572e-06,0.062298,4.87572
7.38e-06,4.87603e-06,0.0621422,4.87603
7.385e-06,4.87634e-06,0.0619869,4.87634
7.39e-06,4.87665e-06,0.0618319,4.87665
7.395e-06,4.87695e-06,0.0616773,4.87695
7.4e-06,4.87726e-06,0.0615231,4.87726
7.405e-06,4.87757e-06,0.0613693,4.87757
7.41e-06,4.87787e-06,0.0612159,4.87787
7.415e-06,4.87818e-06,0.0610629,4.87818
7.42e-06,4.87848e-06,0.0609102,4.87848
7.425e-06,4.87879e-06,0.0607579,4.87879
7.43e-06,4.87909e-06,0.060606,4.87909
7.435e-06,4.87939e-06,0.0604545,4.87939
7.44e-06,4.87969e-06,0.0603034,4.87969
7.445e-06,4.88e-06,0.0601526,4.88
7.45e-06,4.8803e-06,0.0600022,4.8803
7.455e-06,4.88059e-06,0.0598522,4.88059
7.46e-06,4.88089e-06,0.0597026,4.88089
7.465e-06,4.88119e-06,0.0595534,4.88119
7.47e-06,4.88149e-06,0.0594045,4.88149
7.475e-06,4.88178e-06,0.059256,4.88178
7.48e-06,4.88208e-06,0.0591078,4.88208
7.485e-06,4.88237e-06,0.05896,4.88237
7.49e-06,4.88267e-06,0.0588126,4.88267
7.495e-06,4.88296e-06,0.0586656,4.88296
7.5e-06,4.88325e-06,0.058519,4.88325
7.505e-06,4.88355e-06,0.0583727,4.88355
7.51e-06,4.88384e-06,0.0582267,4.88384
7.515e-06,4.88413e-06,0.0580812,4.88413
7.52e-06,4.88442e-06,0.057936,4.88442
7.525e-06,4.88471e-06,0.0577911,4.88471
7.53e-06,4.88499e-06,0.0576466,4.88499
7.535e-06,4.88528e-06,0.0575025,4.88528
7.54e-06,4.88557e-06,0.0573588,4.88557
7.545e-06,4.88586e-06,0.0572154,4.88586
7.55e-06,4.88614e-06,0.0570723,4.88614
7.555e-06,4.88643e-06,0.0569296,4.88643
7.56e-06,4.88671e-06,0.0567873,4.88671
7.565e-06,4.88699e-06,0.0566454,4.88699
7.57e-06,4.88728e-06,0.0565037,4.88728
7.575e-06,4.88756e-06,0.0563625,4.88756
7.58e-06,4.88784e-06,0.0562216,4.88784
7.585e-06,4.88812e-06,0.056081,4.88812
7.59e-06,4.8884e-06,0.0559408,4.8884
7.595e-06,4.88868e-06,0.055801,4.88868
7.6e-06,4.88896e-06,0.0556615,4.88896
7.605e-06,4.88923e-06,0.0555223,4.88923
7.61e-06,4.88951e-06,0.0553835,4.88951
7.615e-06,4.88979e-06,0.055245,4.88979
7.62e-06,4.89006e-06,0.0551069,4.89006
7.625e-06,4.89034e-06,0.0549692,4.89034
7.63e-06,4.89061e-06,0.0548317,4.89061
7.635e-06,4.89088e-06,0.0546947,4.89088
7.64e-06,4.89116e-06,0.0545579,4.89116
7.645e-06,4.89143e-06,0.0544215,4.89143
7.65e-06,4.8917e-06,0.0542855,4.8917
7.655e-06,4.89197e-06,0.0541498,4.89197
7.66e-06,4.89224e-06,0.0540144,4.89224
7.665e-06,4.89251e-06,0.0538794,4.89251
7.67e-06,4.89278e-06,0.0537447,4.89278
7.675e-06,4.89305e-06,0.0536103,4.89305
7.68e-06,4.89331e-06,0.0534763,4.89331
7.685e-06,4.89358e-06,0.0533426,4.89358
7.69e-06,4.89385e-06,0.0532092,4.89385
7.695e-06,4.89411e-06,0.0530762,4.89411
7.7e-06,4.89438e-06,0.0529435,4.89438
7.705e-06,4.89464e-06,0.0528112,4.89464
7.71e-06,4.89491e-06,0.0526791,4.89491
7.715e-06,4.89517e-06,0.0525474,4.89517
7.72e-06,4.89543e-06,0.0524161,4.89543
7.725e-06,4.89569e-06,0.052285,4.89569
7.73e-06,4.89595e-06,0.0521543,4.89595
7.735e-06,4.89621e-06,0.0520239,4.89621
7.74e-06,4.89647e-06,0.0518939,4.89647
7.745e-06,4.89673e-06,0.0517641,4.89673
7.75e-06,4.89699e-06,0.0516347,4.89699
7.755e-06,4.89725e-06,0.0515056,4.89725
7.76e-06,4.8975e-06,0.0513769,4.8975
7.765e-06,4.89776e-06,0.0512484,4.89776
7.77e-06,4.89802e-06,0.0511203,4.89802
7.775e-06,4.89827e-06,0.0509925,4.89827
7.78e-06,4.89852e-06,0.050865,4.89852
7.785e-06,4.89878e-06,0.0507379,4.89878
7.79e-06,4.89903e-06,0.050611,4.89903
7.795e-06,4.89928e-06,0.0504845,4.89928
7.8e-06,4.89954e-06,0.0503583,4.89954
7.805e-06,4.89979e-06,0.0502324,4.89979
7.81e-06,4.90004e-06,0.0501068,4.90004
7.815e-06,4.90029e-06,0.0499815,4.90029
7.82e-06,4.90054e-06,0.0498566,4.90054
7.825e-06,4.90078e-06,0.0497319,4.90078
7.83e-06,4.90103e-06,0.0496076,4.90103
7.835e-06,4.90128e-06,0.0494836,4.90128
7.84e-06,4.90153e-06,0.0493599,4.90153
7.845e-06,4.90177e-06,0.0492365,4.90177
7.85e-06,4.90202e-06,0.0491134,4.90202
7.855e-06,4.90226e-06,0.0489906,4.90226
7.86e-06,4.90251e-06,0.0488681,4.90251
7.865e-06,4.90275e-06,0.048746,4.90275
7.87e-06,4.90299e-06,0.0486241,4.90299
7.875e-06,4.90324e-06,0.0485025,4.90324
7.88e-06,4.90348e-06,0.0483813,4.90348
7.885e-06,4.90372e-06,0.0482603,4.90372
7.89e-06,4.90396e-06,0.0481397,4.90396
7.895e-06,4.9042e-06,0.0480193,4.9042
7.9e-06,4.90444e-06,0.0478993,4.90444
7.905e-06,4.90468e-06,0.0477795,4.90468
7.91e-06,4.90492e-06,0.0476601,4.90492
7.915e-06,4.90516e-06,0.0475409,4.90516
7.92e-06,4.90539e-06,0.0474221,4.90539
7.925e-06,4.90563e-06,0.0473035,4.90563
7.93e-06,4.90587e-06,0.0471853,4.90587
7.935e-06,4.9061e-06,0.0470673,4.9061
7.94e-06,4.90634e-06,0.0469496,4.90634
7.945e-06,4.90657e-06,0.0468323,4.90657
7.95e-06,4.9068e-06,0.0467152,4.9068
7.955e-06,4.90704e-06,0.0465984,4.90704
7.96e-06,4.90727e-06,0.0464819,4.90727
7.965e-06,4.9075e-06,0.0463657,4.9075
7.97e-06,4.90773e-06,0.0462498,4.90773
7.975e-06,4.90796e-06,0.0461341,4.90796
7.98e-06,4.90819e-06,0.0460188,4.90819
7.985e-06,4.90842e-06,0.0459038,4.90842
7.99e-06,4.90865e-06,0.045789,4.90865
7.995e-06,4.90888e-06,0.0456745,4.90888
8e-06,4.90911e-06,0.0455603,4.90911
8.005e-06,4.90933e-06,0.0454464,4.90933
8.01e-06,4.90956e-06,0.0453328,4.90956
8.015e-06,4.90979e-06,0.0452195,4.90979
8.02e-06,4.91001e-06,0.0451064,4.91001
8.025e-06,4.91024e-06,0.0449937,4.91024
8.03e-06,4.91046e-06,0.0448812,4.91046
8.035e-06,4.91069e-06,0.044769,4.91069
8.04e-06,4.91091e-06,0.0446571,4.91091
8.045e-06,4.91113e-06,0.0445454,4.91113
8.05e-06,4.91135e-06,0.0444341,4.91135
8.055e-06,4.91158e-06,0.044323,4.91158
8.06e-06,4.9118e-06,0.0442122,4.9118
8.065e-06,4.91202e-06,0.0441016,4.91202
8.07e-06,4.91224e-06,0.0439914,4.91224
8.075e-06,4.91246e-06,0.0438814,4.91246
8.08e-06,4.91268e-06,0.0437717,4.91268
8.085e-06,4.91289e-06,0.0436623,4.91289
8.09e-06,4.91311e-06,0.0435531,4.91311
8.095e-06,4.91333e-06,0.0434442,4.91333
8.1e-06,4.91355e-06,0.0433356,4.91355
8.105e-06,4.91376e-06,0.0432273,4.91376
8.11e-06,4.91398e-06,0.0431192,4.91398
8.115e-06,4.91419e-06,0.0430114,4.91419
8.12e-06,4.91441e-06,0.0429039,4.91441
8.125e-06,4.91462e-06,0.0427966,4.91462
8.13e-06,4.91483e-06,0.0426896,4.91483
8.135e-06,4.91505e-06,0.0425829,4.91505
8.14e-06,4.91526e-06,0.0424765,4.91526
8.145e-06,4.91547e-06,0.0423703,4.91547
8.15e-06,4.91568e-06,0.0422643,4.91568
8.155e-06,4.91589e-06,0.0421587,4.91589
8.16e-06,4.9161e-06,0.0420533,4.9161
8.165e-06,4.91631e-06,0.0419482,4.91631
8.17e-06,4.91652e-06,0.0418433,4.91652
8.175e-06,4.91673e-06,0.0417387,4.91673
8.18e-06,4.91694e-06,0.0416343,4.91694
8.185e-06,4.91715e-06,0.0415302,4.91715
8.19e-06,4.91735e-06,0.0414264,4.91735
8.195e-06,4.91756e-06,0.0413228,4.91756
8.2e-06,4.91777e-06,0.0412195,4.91777
8.205e-06,4.91797e-06,0.0411165,4.91797
8.21e-06,4.91818e-06,0.0410137,4.91818
8.215e-06,4.91838e-06,0.0409112,4.91838
8.22e-06,4.91859e-06,0.0408089,4.91859
8.225e-06,4.91879e-06,0.0407069,4.91879
8.23e-06,4.91899e-06,0.0406051,4.91899
8.235e-06,4.9192e-06,0.0405036,4.9192
8.24e-06,4.9194e-06,0.0404023,4.9194
8.245e-06,4.9196e-06,0.0403013,4.9196
8.25e-06,4.9198e-06,0.0402006,4.9198
8.255e-06,4.92e-06,0.0401001,4.92
8.26e-06,4.9202e-06,0.0399998,4.9202
8.265e-06,4.9204e-06,0.0398998,4.9204
8.27e-06,4.9206e-06,0.0398001,4.9206
8.275e-06,4.9208e-06,0.0397006,4.9208
8.28e-06,4.921e-06,0.0396013,4.921
8.285e-06,4.92119e-06,0.0395023,4.92119
8.29e-06,4.92139e-06,0.0394036,4.92139
8.295e-06,4.92159e-06,0.039305,4.92159
8.3e-06,4.92178e-06,0.0392068,4.92178
8.305e-06,4.92198e-06,0.0391088,4.92198
8.31e-06,4.92217e-06,0.039011,4.92217
8.315e-06,4.92237e-06,0.0389135,4.92237
8.32e-06,4.92256e-06,0.0388162,4.92256
8.325e-06,4.92276e-06,0.0387191,4.92276
8.33e-06,4.92295e-06,0.0386223,4.92295
8.335e-06,4.92314e-06,0.0385258,4.92314
8.34e-06,4.92333e-06,0.0384295,4.92333
8.345e-06,4.92352e-06,0.0383334,4.92352
8.35e-06,4.92372e-06,0.0382376,4.92372
8.355e-06,4.92391e-06,0.038142,4.92391
8.36e-06,4.9241e-06,0.0380466,4.9241
8.365e-06,4.92429e-06,0.0379515,4.92429
8.37e-06,4.92448e-06,0.0378566,4.92448
8.375e-06,4.92466e-06,0.037762,4.92466
8.38e-06,4.92485e-06,0.0376676,4.92485
8.385e-06,4.92504e-06,0.0375734,4.92504
8.39e-06,4.92523e-06,0.0374795,4.92523
8.395e-06,4.92542e-06,0.0373858,4.92542
8.4e-06,4.9256e-06,0.0372923,4.9256
8.405e-06,4.92579e-06,0.0371991,4.92579
8.41e-06,4.92597e-06,0.0371061,4.92597
8.415e-06,4.92616e-06,0.0370133,4.92616
8.42e-06,4.92634e-06,0.0369208,4.92634
8.425e-06,4.92653e-06,0.0368285,4.92653
8.43e-06,4.92671e-06,0.0367364,4.92671
8.435e-06,4.92689e-06,0.0366446,4.92689
8.44e-06,4.92708e-06,0.036553,4.92708
8.445e-06,4.92726e-06,0.0364616,4.92726
8.45e-06,4.92744e-06,0.0363704,4.92744
8.455e-06,4.92762e-06,0.0362795,4.92762
8.46e-06,4.9278e-06,0.0361888,4.9278
8.465e-06,4.92798e-06,0.0360983,4.92798
8.47e-06,4.92816e-06,0.0360081,4.92816
8.475e-06,4.92834e-06,0.0359181,4.92834
8.48e-06,4.92852e-06,0.0358283,4.92852
8.485e-06,4.9287e-06,0.0357387,4.9287
8.49e-06,4.92888e-06,0.0356493,4.92888
8.495e-06,4.92906e-06,0.0355602,4.92906
8.5e-06,4.92923e-06,0.0354713,4.92923
8.505e-06,4.92941e-06,0.0353826,4.92941
8.51e-06,4.92959e-06,0.0352942,4.92959
8.515e-06,4.92976e-06,0.035206,4.92976
8.52e-06,4.92994e-06,0.0351179,4.92994
8.525e-06,4.93011e-06,0.0350301,4.93011
8.53e-06,4.93029e-06,0.0349426,4.93029
8.535e-06,4.93046e-06,0.0348552,4.93046
8.54e-06,4.93064e-06,0.0347681,4.93064
8.545e-06,4.93081e-06,0.0346812,4.93081
8.55e-06,4.93098e-06,0.0345945,4.93098
8.555e-06,4.93116e-06,0.034508,4.93116
8.56e-06,4.93133e-06,0.0344217,4.93133
8.565e-06,4.9315e-06,0.0343356,4.9315
8.57e-06,4.93167e-06,0.0342498,4.93167
8.575e-06,4.93184e-06,0.0341642,4.93184
8.58e-06,4.93201e-06,0.0340788,4.93201
8.585e-06,4.93218e-06,0.0339936,4.93218
8.59e-06,4.93235e-06,0.0339086,4.93235
8.595e-06,4.93252e-06,0.0338238,4.93252
8.6e-06,4.93269e-06,0.0337393,4.93269
8.605e-06,4.93286e-06,0.0336549,4.93286
8.61e-06,4.93303e-06,0.0335708,4.93303
8.615e-06,4.93319e-06,0.0334868,4.93319
8.62e-06,4.93336e-06,0.0334031,4.93336
8.625e-06,4.93353e-06,0.0333196,4.93353
8.63e-06,4.93369e-06,0.0332363,4.93369
8.635e-06,4.93386e-06,0.0331532,4.93386
8.64e-06,4.93402e-06,0.0330703,4.93402
8.645e-06,4.93419e-06,0.0329877,4.93419
8.65e-06,4.93435e-06,0.0329052,4.93435
8.655e-06,4.93452e-06,0.0328229,4.93452
8.66e-06,4.93468e-06,0.0327409,4.93468
8.665e-06,4.93485e-06,0.032659,4.93485
8.67e-06,4.93501e-06,0.0325774,4.93501
8.675e-06,4.93517e-06,0.0324959,4.93517
8.68e-06,4.93533e-06,0.0324147,4.93533
8.685e-06,4.93549e-06,0.0323337,4.93549
8.69e-06,4.93566e-06,0.0322528,4.93566
8.695e-06,4.93582e-06,0.0321722,4.93582
8.7e-06,4.93598e-06,0.0320918,4.93598
8.705e-06,4.93614e-06,0.0320115,4.93614
8.71e-06,4.9363e-06,0.0319315,4.9363
8.715e-06,4.93646e-06,0.0318517,4.93646
8.72e-06,4.93661e-06,0.031772,4.93661
8.725e-06,4.93677e-06,0.0316926,4.93677
8.73e-06,4.93693e-06,0.0316134,4.93693
8.735e-06,4.93709e-06,0.0315344,4.93709
8.74e-06,4.93725e-06,0.0314555,4.93725
8.745e-06,4.9374e-06,0.0313769,4.9374
8.75e-06,4.93756e-06,0.0312984,4.93756
8.755e-06,4.93772e-06,0.0312202,4.93772
8.76e-06,4.93787e-06,0.0311421,4.93787
8.765e-06,4.93803e-06,0.0310643,4.93803
8.77e-06,4.93818e-06,0.0309866,4.93818
8.775e-06,4.93834e-06,0.0309092,4.93834
8.78e-06,4.93849e-06,0.0308319,4.93849
8.785e-06,4.93864e-06,0.0307548,4.93864
8.79e-06,4.9388e-06,0.0306779,4.9388
8.795e-06,4.93895e-06,0.0306012,4.93895
8.8e-06,4.9391e-06,0.0305247,4.9391
8.805e-06,4.93926e-06,0.0304484,4.93926
8.81e-06,4.93941e-06,0.0303723,4.93941
8.815e-06,4.93956e-06,0.0302964,4.93956
8.82e-06,4.93971e-06,0.0302206,4.93971
8.825e-06,4.93986e-06,0.0301451,4.93986
8.83e-06,4.94001e-06,0.0300697,4.94001
8.835e-06,4.94016e-06,0.0299945,4.94016
8.84e-06,4.94031e-06,0.0299195,4.94031
8.845e-06,4.94046e-06,0.0298447,4.94046
8.85e-06,4.94061e-06,0.0297701,4.94061
8.855e-06,4.94076e-06,0.0296957,4.94076
8.86e-06,4.94091e-06,0.0296215,4.94091
8.865e-06,4.94105e-06,0.0295474,4.94105
8.87e-06,4.9412e-06,0.0294735,4.9412
8.875e-06,4.94135e-06,0.0293999,4.94135
8.88e-06,4.94149e-06,0.0293264,4.94149
8.885e-06,4.94164e-06,0.029253,4.94164
8.89e-06,4.94179e-06,0.0291799,4.94179
8.895e-06,4.94193e-06,0.029107,4.94193
8.9e-06,4.94208e-06,0.0290342,4.94208
8.905e-06,4.94222e-06,0.0289616,4.94222
8.91e-06,4.94237e-06,0.0288892,4.94237
8.915e-06,4.94251e-06,0.028817,4.94251
8.92e-06,4.94265e-06,0.0287449,4.94265
8.925e-06,4.9428e-06,0.0286731,4.9428
8.93e-06,4.94294e-06,0.0286014,4.94294
8.935e-06,4.94308e-06,0.0285299,4.94308
8.94e-06,4.94323e-06,0.0284586,4.94323
8.945e-06,4.94337e-06,0.0283874,4.94337
8.95e-06,4.94351e-06,0.0283165,4.94351
8.955e-06,4.94365e-06,0.0282457,4.94365
8.96e-06,4.94379e-06,0.028175,4.94379
8.965e-06,4.94393e-06,0.0281046,4.94393
8.97e-06,4.94407e-06,0.0280343,4.94407
8.975e-06,4.94421e-06,0.0279643,4.94421
8.98e-06,4.94435e-06,0.0278943,4.94435
8.985e-06,4.94449e-06,0.0278246,4.94449
8.99e-06,4.94463e-06,0.0277551,4.94463
8.995e-06,4.94477e-06,0.0276857,4.94477
9e-06,4.94491e-06,0.0276165,4.94491
9.005e-06,4.94504e-06,0.0275474,4.94504
9.01e-06,4.94518e-06,0.0274785,4.94518
9.015e-06,4.94532e-06,0.0274098,4.94532
9.02e-06,4.94545e-06,0.0273413,4.94545
9.025e-06,4.94559e-06,0.027273,4.94559
9.03e-06,4.94573e-06,0.0272048,4.94573
9.035e-06,4.94586e-06,0.0271368,4.94586
9.04e-06,4.946e-06,0.0270689,4.946
9.045e-06,4.94613e-06,0.0270013,4.94613
9.05e-06,4.94627e-06,0.0269338,4.94627
9.055e-06,4.9464e-06,0.0268664,4.9464
9.06e-06,4.94654e-06,0.0267993,4.94654
9.065e-06,4.94667e-06,0.0267323,4.94667
9.07e-06,4.9468e-06,0.0266654,4.9468
9.075e-06,4.94694e-06,0.0265988,4.94694
9.08e-06,4.94707e-06,0.0265323,4.94707
9.085e-06,4.9472e-06,0.0264659,4.9472
9.09e-06,4.94733e-06,0.0263998,4.94733
9.095e-06,4.94746e-06,0.0263338,4.94746
9.1e-06,4.9476e-06,0.0262679,4.9476
9.105e-06,4.94773e-06,0.0262023,4.94773
9.11e-06,4.94786e-06,0.0261368,4.94786
9.115e-06,4.94799e-06,0.0260714,4.94799
9.12e-06,4.94812e-06,0.0260062,4.94812
9.125e-06,4.94825e-06,0.0259412,4.94825
9.13e-06,4.94838e-06,0.0258764,4.94838
9.135e-06,4.94851e-06,0.0258117,4.94851
9.14e-06,4.94863e-06,0.0257472,4.94863
9.145e-06,4.94876e-06,0.0256828,4.94876
9.15e-06,4.94889e-06,0.0256186,4.94889
9.155e-06,4.94902e-06,0.0255545,4.94902
9.16e-06,4.94915e-06,0.0254906,4.94915
9.165e-06,4.94927e-06,0.0254269,4.94927
9.17e-06,4.9494e-06,0.0253633,4.9494
9.175e-06,4.94953e-06,0.0252999,4.94953
9.18e-06,4.94965e-06,0.0252367,4.94965
9.185e-06,4.94978e-06,0.0251736,4.94978
9.19e-06,4.9499e-06,0.0251107,4.9499
9.195e-06,4.95003e-06,0.0250479,4.95003
9.2e-06,4.95015e-06,0.0249853,4.95015
9.205e-06,4.95028e-06,0.0249228,4.95028
9.21e-06,4.9504e-06,0.0248605,4.9504
9.215e-06,4.95053e-06,0.0247983,4.95053
9.22e-06,4.95065e-06,0.0247364,4.95065
9.225e-06,4.95077e-06,0.0246745,4.95077
9.23e-06,4.9509e-06,0.0246128,4.9509
9.235e-06,4.95102e-06,0.0245513,4.95102
9.24e-06,4.95114e-06,0.0244899,4.95114
9.245e-06,4.95126e-06,0.0244287,4.95126
9.25e-06,4.95139e-06,0.0243676,4.95139
9.255e-06,4.95151e-06,0.0243067,4.95151
9.26e-06,4.95163e-06,0.0242459,4.95163
9.265e-06,4.95175e-06,0.0241853,4.95175
9.27e-06,4.95187e-06,0.0241249,4.95187
9.275e-06,4.95199e-06,0.0240645,4.95199
9.28e-06,4.95211e-06,0.0240044,4.95211
9.285e-06,4.95223e-06,0.0239444,4.95223
9.29e-06,4.95235e-06,0.0238845,4.95235
9.295e-06,4.95247e-06,0.0238248,4.95247
9.3e-06,4.95259e-06,0.0237652,4.95259
9.305e-06,4.95271e-06,0.0237058,4.95271
9.31e-06,4.95283e-06,0.0236466,4.95283
9.315e-06,4.95294e-06,0.0235874,4.95294
9.32e-06,4.95306e-06,0.0235285,4.95306
9.325e-06,4.95318e-06,0.0234697,4.95318
9.33e-06,4.9533e-06,0.023411,4.9533
9.335e-06,4.95341e-06,0.0233524,4.95341
9.34e-06,4.95353e-06,0.0232941,4.95353
9.345e-06,4.95364e-06,0.0232358,4.95364
9.35e-06,4.95376e-06,0.0231777,4.95376
9.355e-06,4.95388e-06,0.0231198,4.95388
9.36e-06,4.95399e-06,0.023062,4.95399
9.365e-06,4.95411e-06,0.0230043,4.95411
9.37e-06,4.95422e-06,0.0229468,4.95422
9.375e-06,4.95434e-06,0.0228895,4.95434
9.38e-06,4.95445e-06,0.0228322,4.95445
9.385e-06,4.95456e-06,0.0227752,4.95456
9.39e-06,4.95468e-06,0.0227182,4.95468
9.395e-06,4.95479e-06,0.0226614,4.95479
9.4e-06,4.9549e-06,0.0226048,4.9549
9.405e-06,4.95502e-06,0.0225483,4.95502
9.41e-06,4.95513e-06,0.0224919,4.95513
9.415e-06,4.95524e-06,0.0224357,4.95524
9.42e-06,4.95535e-06,0.0223796,4.95535
9.425e-06,4.95546e-06,0.0223236,4.95546
9.43e-06,4.95558e-06,0.0222678,4.95558
9.435e-06,4.95569e-06,0.0222121,4.95569
9.44e-06,4.9558e-06,0.0221566,4.9558
9.445e-06,4.95591e-06,0.0221012,4.95591
9.45e-06,4.95602e-06,0.022046,4.95602
9.455e-06,4.95613e-06,0.0219909,4.95613
9.46e-06,4.95624e-06,0.0219359,4.95624
9.465e-06,4.95635e-06,0.021881,4.95635
9.47e-06,4.95646e-06,0.0218263,4.95646
9.475e-06,4.95657e-06,0.0217718,4.95657
9.48e-06,4.95667e-06,0.0217173,4.95667
9.485e-06,4.95678e-06,0.021663,4.95678
9.49e-06,4.95689e-06,0.0216089,4.95689
9.495e-06,4.957e-06,0.0215549,4.957
9.5e-06,4.95711e-06,0.021501,4.95711
9.505e-06,4.95721e-06,0.0214472,4.95721
9.51e-06,4.95732e-06,0.0213936,4.95732
9.515e-06,4.95743e-06,0.0213401,4.95743
9.52e-06,4.95753e-06,0.0212868,4.95753
9.525e-06,4.95764e-06,0.0212336,4.95764
9.53e-06,4.95774e-06,0.0211805,4.95774
9.535e-06,4.95785e-06,0.0211275,4.95785
9.54e-06,4.95796e-06,0.0210747,4.95796
9.545e-06,4.95806e-06,0.021022,4.95806
9.55e-06,4.95817e-06,0.0209695,4.95817
9.555e-06,4.95827e-06,0.020917,4.95827
9.56e-06,4.95837e-06,0.0208647,4.95837
9.565e-06,4.95848e-06,0.0208126,4.95848
9.57e-06,4.95858e-06,0.0207606,4.95858
9.575e-06,4.95869e-06,0.0207087,4.95869
9.58e-06,4.95879e-06,0.0206569,4.95879
9.585e-06,4.95889e-06,0.0206052,4.95889
9.59e-06,4.959e-06,0.0205537,4.959
9.595e-06,4.9591e-06,0.0205023,4.9591
9.6e-06,4.9592e-06,0.0204511,4.9592
9.605e-06,4.9593e-06,0.0204,4.9593
9.61e-06,4.9594e-06,0.020349,4.9594
9.615e-06,4.95951e-06,0.0202981,4.95951
9.62e-06,4.95961e-06,0.0202473,4.95961
9.625e-06,4.95971e-06,0.0201967,4.95971
9.63e-06,4.95981e-06,0.0201462,4.95981
9.635e-06,4.95991e-06,0.0200959,4.95991
9.64e-06,4.96001e-06,0.0200456,4.96001
9.645e-06,4.96011e-06,0.0199955,4.96011
9.65e-06,4.96021e-06,0.0199455,4.96021
9.655e-06,4.96031e-06,0.0198957,4.96031
9.66e-06,4.96041e-06,0.0198459,4.96041
9.665e-06,4.96051e-06,0.0197963,4.96051
9.67e-06,4.96061e-06,0.0197468,4.96061
9.675e-06,4.9607e-06,0.0196974,4.9607
9.68e-06,4.9608e-06,0.0196482,4.9608
9.685e-06,4.9609e-06,0.0195991,4.9609
9.69e-06,4.961e-06,0.0195501,4.961
9.695e-06,4.9611e-06,0.0195012,4.9611
9.7e-06,4.96119e-06,0.0194525,4.96119
9.705e-06,4.96129e-06,0.0194038,4.96129
9.71e-06,4.96139e-06,0.0193553,4.96139
9.715e-06,4.96148e-06,0.0193069,4.96148
9.72e-06,4.96158e-06,0.0192587,4.96158
9.725e-06,4.96168e-06,0.0192105,4.96168
9.73e-06,4.96177e-06,0.0191625,4.96177
9.735e-06,4.96187e-06,0.0191146,4.96187
9.74e-06,4.96196e-06,0.0190668,4.96196
9.745e-06,4.96206e-06,0.0190191,4.96206
9.75e-06,4.96215e-06,0.0189716,4.96215
9.755e-06,4.96225e-06,0.0189242,4.96225
9.76e-06,4.96234e-06,0.0188768,4.96234
9.765e-06,4.96243e-06,0.0188296,4.96243
9.77e-06,4.96253e-06,0.0187826,4.96253
9.775e-06,4.96262e-06,0.0187356,4.96262
9.78e-06,4.96272e-06,0.0186888,4.96272
9.785e-06,4.96281e-06,0.0186421,4.96281
9.79e-06,4.9629e-06,0.0185955,4.9629
9.795e-06,4.96299e-06,0.018549,4.96299
9.8e-06,4.96309e-06,0.0185026,4.96309
9.805e-06,4.96318e-06,0.0184563,4.96318
9.81e-06,4.96327e-06,0.0184102,4.96327
9.815e-06,4.96336e-06,0.0183642,4.96336
9.82e-06,4.96346e-06,0.0183183,4.96346
9.825e-06,4.96355e-06,0.0182725,4.96355
9.83e-06,4.96364e-06,0.0182268,4.96364
9.835e-06,4.96373e-06,0.0181812,4.96373
9.84e-06,4.96382e-06,0.0181358,4.96382
9.845e-06,4.96391e-06,0.0180904,4.96391
9.85e-06,4.964e-06,0.0180452,4.964
9.855e-06,4.96409e-06,0.0180001,4.96409
9.86e-06,4.96418e-06,0.0179551,4.96418
9.865e-06,4.96427e-06,0.0179102,4.96427
9.87e-06,4.96436e-06,0.0178654,4.96436
9.875e-06,4.96445e-06,0.0178208,4.96445
9.88e-06,4.96454e-06,0.0177762,4.96454
9.885e-06,4.96463e-06,0.0177318,4.96463
9.89e-06,4.96471e-06,0.0176874,4.96471
9.895e-06,4.9648e-06,0.0176432,4.9648
9.9e-06,4.96489e-06,0.0175991,4.96489
9.905e-06,4.96498e-06,0.0175551,4.96498
9.91e-06,4.96507e-06,0.0175112,4.96507
9.915e-06,4.96515e-06,0.0174674,4.96515
9.92e-06,4.96524e-06,0.0174238,4.96524
9.925e-06,4.96533e-06,0.0173802,4.96533
9.93e-06,4.96541e-06,0.0173368,4.96541
9.935e-06,4.9655e-06,0.0172934,4.9655
9.94e-06,4.96559e-06,0.0172502,4.96559
9.945e-06,4.96567e-06,0.0172071,4.96567
9.95e-06,4.96576e-06,0.017164,4.96576
9.955e-06,4.96584e-06,0.0171211,4.96584
9.96e-06,4.96593e-06,0.0170783,4.96593
9.965e-06,4.96601e-06,0.0170356,4.96601
9.97e-06,4.9661e-06,0.016993,4.9661
9.975e-06,4.96618e-06,0.0169506,4.96618
9.98e-06,4.96627e-06,0.0169082,4.96627
9.985e-06,4.96635e-06,0.0168659,4.96635
9.99e-06,4.96644e-06,0.0168238,4.96644
9.995e-06,4.96652e-06,0.0167817,4.96652
1e-05,4.9666e-06,0.0167397,4.9666
