0.0,0.18,0.0678152492669,0.0,0.314814814815,0.577505269209,0.641606591143,0.269203139066,0.0,0.208015267176,0.287234042553,1.0,0.0896799116998,0.422222222222
0.000235922539178,0.0,0.242302052786,0.0,0.172839506173,0.547997700709,0.782698249228,0.348961980194,0.0434782608696,0.104961832061,0.553191489362,1.0,0.204470198675,0.368888888889
0.000235697744001,0.0,0.242302052786,0.0,0.172839506173,0.694385897682,0.59938208033,0.348961980194,0.0434782608696,0.104961832061,0.553191489362,0.989737253518,0.0634657836645,0.66
0.00029279571918,0.0,0.0630498533724,0.0,0.150205761317,0.658555278789,0.441812564367,0.448544589839,0.0869565217391,0.0667938931298,0.648936170213,0.994276060316,0.0333885209713,0.631111111111
0.000705070075401,0.0,0.0630498533724,0.0,0.150205761317,0.68710480935,0.528321318229,0.448544589839,0.0869565217391,0.0667938931298,0.648936170213,1.0,0.0993377483444,0.693333333333
0.000264471526768,0.0,0.0630498533724,0.0,0.150205761317,0.549722168998,0.574665293512,0.448544589839,0.0869565217391,0.0667938931298,0.648936170213,0.992990065056,0.0960264900662,0.526666666667
0.000921323036515,0.125,0.271627565982,0.0,0.286008230453,0.469630197356,0.656024716787,0.402922641835,0.173913043478,0.236641221374,0.276595744681,0.996721972868,0.295253863135,0.397777777778
0.00155367187187,0.125,0.271627565982,0.0,0.286008230453,0.500287411381,0.959835221421,0.438387181842,0.173913043478,0.236641221374,0.276595744681,1.0,0.480684326711,0.491111111111
0.00230325139249,0.125,0.271627565982,0.0,0.286008230453,0.396627706457,1.0,0.450354190726,0.173913043478,0.236641221374,0.276595744681,0.974103585657,0.778145695364,0.255555555556
0.00184017332607,0.125,0.271627565982,0.0,0.286008230453,0.468097336655,0.854788877446,0.496730896889,0.173913043478,0.236641221374,0.276595744681,0.974305310404,0.424116997792,0.308888888889
0.00245667410139,0.125,0.271627565982,0.0,0.286008230453,0.539566966852,0.941297631308,0.4744155171,0.173913043478,0.236641221374,0.276595744681,0.988955570125,0.516556291391,0.222222222222
0.00124929920103,0.125,0.271627565982,0.0,0.286008230453,0.469055374593,0.823892893924,0.463503350944,0.173913043478,0.236641221374,0.276595744681,1.0,0.318432671082,0.308888888889
0.000983029312842,0.125,0.271627565982,0.0,0.286008230453,0.446062464074,0.371781668383,0.392956196746,0.173913043478,0.236641221374,0.276595744681,0.983862020273,0.385761589404,0.371111111111
0.00700731528468,0.0,0.281524926686,0.0,0.314814814815,0.457558919333,0.606591143151,0.32535532741,0.130434782609,0.229007633588,0.893617021277,1.0,0.180187637969,0.342222222222
0.00709948130761,0.0,0.281524926686,0.0,0.314814814815,0.485725234719,0.840370751802,0.303021760678,0.130434782609,0.229007633588,0.893617021277,0.957436078471,0.235375275938,0.293333333333
0.0069806770561,0.0,0.281524926686,0.0,0.314814814815,0.435524046752,0.552008238929,0.306359064827,0.130434782609,0.229007633588,0.893617021277,0.996772404055,0.185982339956,0.331111111111
0.0117748838146,0.0,0.281524926686,0.0,0.314814814815,0.454876413106,0.271884654995,0.306359064827,0.130434782609,0.229007633588,0.893617021277,0.97465832871,0.133830022075,0.402222222222
0.00874318364822,0.0,0.281524926686,0.0,0.314814814815,0.465414830427,0.811534500515,0.284471078213,0.130434782609,0.229007633588,0.893617021277,0.974406172777,0.35706401766,0.277777777778
0.00895123158534,0.0,0.281524926686,0.0,0.314814814815,0.363096378617,0.347064881565,0.242513799343,0.130434782609,0.229007633588,0.893617021277,0.727898532452,0.274834437086,0.337777777778
0.00808678172883,0.0,0.281524926686,0.0,0.314814814815,0.415022034873,0.685890834192,0.242513799343,0.130434782609,0.229007633588,0.893617021277,0.984996721973,0.263520971302,0.293333333333
0.0139987825093,0.0,0.281524926686,0.0,0.314814814815,0.38493964361,0.980432543769,0.242641107949,0.130434782609,0.229007633588,0.893617021277,0.948736698775,0.532284768212,0.191111111111
0.00950568889157,0.0,0.281524926686,0.0,0.314814814815,0.460624640736,0.88877445932,0.262137511481,0.130434782609,0.229007633588,0.893617021277,0.988980785718,0.333885209713,0.324444444444
0.0137816303675,0.0,0.281524926686,0.0,0.314814814815,0.494539183752,0.914521112255,0.258918422465,0.130434782609,0.229007633588,0.893617021277,1.0,0.468818984547,0.226666666667
0.0110386796071,0.0,0.281524926686,0.0,0.314814814815,0.431500287411,1.0,0.2696759996,0.130434782609,0.229007633588,0.893617021277,0.994049119976,0.50082781457,0.211111111111
0.00836170623137,0.0,0.281524926686,0.0,0.314814814815,0.452768729642,0.939237899073,0.297356527749,0.130434782609,0.229007633588,0.893617021277,0.993519592516,0.402041942605,0.235555555556
0.00937643166429,0.0,0.281524926686,0.0,0.314814814815,0.390496263652,0.852729145211,0.302357937237,0.130434782609,0.229007633588,0.893617021277,0.764284633617,0.407836644592,0.197777777778
0.00748107112205,0.0,0.281524926686,0.0,0.314814814815,0.431500287411,0.900102986612,0.323036492102,0.130434782609,0.229007633588,0.893617021277,0.949518382168,0.360927152318,0.257777777778
0.0106715890816,0.0,0.281524926686,0.0,0.314814814815,0.476336462924,0.884654994851,0.302248815575,0.130434782609,0.229007633588,0.893617021277,0.771748449241,0.42908388521,0.217777777778
0.00861718595102,0.0,0.281524926686,0.0,0.314814814815,0.562176662196,0.942327497425,0.302367030709,0.130434782609,0.229007633588,0.893617021277,0.977406828383,0.305463576159,0.297777777778
0.0111962610268,0.0,0.281524926686,0.0,0.314814814815,0.596474420387,0.86920700309,0.282752412043,0.130434782609,0.229007633588,0.893617021277,0.957965605931,0.282836644592,0.355555555556
0.0126389964784,0.0,0.281524926686,0.0,0.314814814815,0.412339528645,0.939237899073,0.282206803736,0.130434782609,0.229007633588,0.893617021277,0.907383125725,0.575883002208,0.171111111111
0.0151556908922,0.0,0.281524926686,0.0,0.314814814815,0.481126652615,1.0,0.276932590094,0.130434782609,0.229007633588,0.893617021277,0.949140148268,0.312086092715,0.211111111111
0.0155296376706,0.0,0.281524926686,0.0,0.314814814815,0.457750526921,0.814624098867,0.26010966727,0.130434782609,0.229007633588,0.893617021277,0.585707801705,0.716887417219,0.182222222222
0.0128740198368,0.0,0.281524926686,0.0,0.314814814815,0.410040237593,0.94850669413,0.241668106466,0.130434782609,0.229007633588,0.893617021277,0.90385294266,0.458609271523,0.18
0.0180566726627,0.0,0.281524926686,0.0,0.314814814815,0.485725234719,0.96807415036,0.239176495194,0.130434782609,0.229007633588,0.893617021277,0.625321498815,0.513520971302,0.188888888889
0.000650220052,0.0,0.201612903226,0.0,0.234567901235,0.454493197931,0.672502574665,0.202848075367,0.173913043478,0.175572519084,0.702127659574,1.0,0.219370860927,0.308888888889
0.00102416683039,0.0,0.201612903226,0.0,0.234567901235,0.436865299866,0.602471678682,0.204448526403,0.173913043478,0.175572519084,0.702127659574,0.951233042513,0.26710816777,0.333333333333
0.000829719001532,0.0,0.201612903226,0.0,0.234567901235,0.438589768155,0.397528321318,0.255035510007,0.173913043478,0.175572519084,0.702127659574,1.0,0.194260485651,0.355555555556
0.00189648451813,0.0,0.201612903226,0.0,0.234567901235,0.460816248323,0.281153450051,0.247133283016,0.173913043478,0.175572519084,0.702127659574,0.991250189117,0.23178807947,0.437777777778
0.000239519262024,0.75,0.091275659824,0.0,0.0884773662551,0.581337420962,0.194644696189,0.388427647792,0.0869565217391,0.124045801527,0.606382978723,0.996797619648,0.07146799117,0.573333333333
0.000306508225031,0.75,0.091275659824,0.0,0.0884773662551,0.663537076068,0.132852729145,0.388427647792,0.0869565217391,0.124045801527,0.606382978723,0.996772404055,0.00689845474614,0.664444444444
0.0013613595972,0.0,0.236436950147,0.0,0.12962962963,0.614868748802,0.0,0.417508570597,0.0869565217391,0.087786259542,0.563829787234,0.971027283272,0.0858167770419,0.48
0.00151939060725,0.0,0.236436950147,0.0,0.12962962963,0.499712588619,0.038105046344,0.417508570597,0.0869565217391,0.087786259542,0.563829787234,0.965883302234,0.112582781457,0.451111111111
0.00172013270109,0.0,0.236436950147,0.0,0.12962962963,0.5077601073,0.0370751802266,0.417508570597,0.0869565217391,0.087786259542,0.563829787234,0.993847395229,0.157560706402,0.437777777778
0.00130797074246,0.0,0.236436950147,0.0,0.12962962963,0.480551829852,0.382080329557,0.417508570597,0.0869565217391,0.087786259542,0.563829787234,0.981063089414,0.215783664459,0.36
0.00185568419335,0.0,0.236436950147,0.0,0.12962962963,0.406399693428,0.318228630278,0.361083578099,0.0869565217391,0.087786259542,0.563829787234,1.0,0.233995584989,0.317777777778
0.00204608570901,0.0,0.236436950147,0.0,0.12962962963,0.426326882545,0.313079299691,0.361083578099,0.0869565217391,0.087786259542,0.563829787234,1.0,0.342715231788,0.333333333333
0.00250590424535,0.0,0.236436950147,0.0,0.12962962963,0.473079133934,0.850669412976,0.414644126981,0.0869565217391,0.087786259542,0.563829787234,0.989510313178,0.471026490066,0.257777777778
0.00278240231413,0.0,0.236436950147,0.0,0.12962962963,0.35217474612,0.951596292482,0.431066937046,0.0869565217391,0.087786259542,0.563829787234,1.0,0.802428256071,0.208888888889
0.00239912653586,0.0,0.236436950147,0.0,0.12962962963,0.391071086415,0.608650875386,0.450863425147,0.0869565217391,0.087786259542,0.563829787234,1.0,0.399282560706,0.32
0.000926268530429,0.21,0.189882697947,0.0,0.111111111111,0.46024142556,0.440782698249,0.516972965108,0.130434782609,0.106870229008,0.446808510638,0.996621110495,0.323399558499,0.326666666667
0.000416433067011,0.21,0.189882697947,0.0,0.111111111111,0.489365778885,0.61894953656,0.516972965108,0.130434782609,0.106870229008,0.446808510638,0.992611831156,0.212472406181,0.344444444444
0.000531415800493,0.21,0.189882697947,0.0,0.111111111111,0.565242383598,0.187435633368,0.516972965108,0.130434782609,0.106870229008,0.446808510638,1.0,0.0979580573951,0.444444444444
0.000488817114286,0.21,0.189882697947,0.0,0.111111111111,0.466947691129,0.19052523172,0.516972965108,0.130434782609,0.106870229008,0.446808510638,1.0,0.184878587196,0.408888888889
8.1825444746e-05,0.75,0.129765395894,0.0,0.0514403292181,0.445870856486,0.46035015448,0.562894997681,0.0869565217391,0.538167938931,0.904255319149,1.0,0.360651214128,0.308888888889
7.63179628881e-05,0.9,0.0278592375367,0.0,0.037037037037,0.706648783292,0.195674562307,0.688103010849,0.173913043478,0.074427480916,0.563829787234,0.997554087448,0.0849889624724,0.675555555556
0.000159941769057,0.85,0.0102639296188,0.0,0.0514403292181,0.540716612378,0.337796086509,0.73275195737,0.0434782608696,0.240458015267,0.5,1.0,0.111479028698,0.437777777778
8.99180711495e-05,1.0,0.0315249266862,0.0,0.0534979423868,0.623682697835,0.387229660144,0.654293482709,0.173913043478,0.131679389313,0.265957446809,0.989913762671,0.0612582781457,0.591111111111
0.00166494548492,0.25,0.171187683284,0.0,0.139917695473,0.495114006515,0.270854788877,0.607916776546,0.304347826087,0.185114503817,0.755319148936,0.984315900953,0.141556291391,0.406666666667
0.00108980702233,0.25,0.171187683284,0.0,0.139917695473,0.453343552405,0.45623069001,0.527639607526,0.304347826087,0.185114503817,0.755319148936,1.0,0.206677704194,0.324444444444
0.0016072855218,0.25,0.171187683284,0.0,0.139917695473,0.4177045411,0.651905252317,0.554319853777,0.304347826087,0.185114503817,0.755319148936,0.995486408795,0.315121412804,0.304444444444
0.00185894372343,0.25,0.171187683284,0.0,0.139917695473,0.460816248323,0.932028836251,0.517318517037,0.304347826087,0.185114503817,0.755319148936,0.952544253366,0.350717439294,0.244444444444
0.001168372937,0.25,0.171187683284,0.0,0.139917695473,0.554703966277,0.668383110196,0.554328947249,0.304347826087,0.185114503817,0.755319148936,1.0,0.137969094923,0.382222222222
0.00135079422384,0.25,0.171187683284,0.0,0.139917695473,0.613335888101,0.417095777549,0.6230210332,0.304347826087,0.185114503817,0.755319148936,0.996671541681,0.21440397351,0.444444444444
0.000148252419808,0.175,0.033724340176,0.0,0.0639917695473,0.678865683081,0.582904222451,0.735961952914,0.0869565217391,0.0553435114504,0.63829787234,0.990771092844,0.174392935982,0.622222222222
0.000331797682542,0.8,0.106671554252,0.0,0.0267489711934,0.522897106725,0.153450051493,0.498495030418,0.130434782609,0.286259541985,0.372340425532,1.0,0.0811258278146,0.411111111111
0.000421153765746,0.8,0.106671554252,0.0,0.0267489711934,0.426518490132,0.290422245108,0.498495030418,0.130434782609,0.286259541985,0.372340425532,1.0,0.234823399558,0.32
0.000579634366147,0.125,0.20564516129,0.0,0.0493827160494,0.443954780609,0.19052523172,0.488173939929,0.130434782609,0.301526717557,0.670212765957,0.998260124061,0.175772626932,0.377777777778
0.00145240164424,0.125,0.20564516129,0.0,0.0493827160494,0.389538225714,0.3491246138,0.488173939929,0.130434782609,0.301526717557,0.670212765957,1.0,0.313465783664,0.275555555556
0.00136945222361,0.125,0.20564516129,0.0,0.0493827160494,0.445296033723,0.309989701339,0.488173939929,0.130434782609,0.301526717557,0.670212765957,1.0,0.194812362031,0.353333333333
0.000920985843748,0.0,0.379398826979,0.0,0.0576131687243,0.547231270358,0.038105046344,0.378079276887,0.130434782609,0.225190839695,0.702127659574,0.966791063594,0.137693156733,0.426666666667
0.00171338884575,0.0,0.379398826979,0.0,0.0576131687243,0.459858210385,0.150360453141,0.378079276887,0.130434782609,0.225190839695,0.702127659574,0.949669675727,0.224889624724,0.371111111111
0.000958976228809,0.0,0.379398826979,0.0,0.0576131687243,0.479785399502,0.0504634397528,0.378079276887,0.130434782609,0.225190839695,0.702127659574,0.9848958596,0.104580573951,0.395555555556
0.00212510121403,0.0,0.379398826979,0.0,0.0576131687243,0.514274765281,0.0339855818744,0.378079276887,0.130434782609,0.225190839695,0.702127659574,0.950249634374,0.1603200883,0.408888888889
0.000816456086037,0.0,0.453445747801,0.0,0.106995884774,0.519639777735,0.0319258496395,0.283889096018,0.173913043478,0.402671755725,0.648936170213,0.995007312522,0.139348785872,0.424444444444
0.000998090589759,0.0,0.453445747801,0.0,0.106995884774,0.522130676375,0.433573635427,0.306722803699,0.173913043478,0.402671755725,0.648936170213,0.965530283928,0.198951434879,0.364444444444
0.00107013744427,0.0,0.453445747801,0.0,0.106995884774,0.520789423261,0.737384140062,0.265765806727,0.173913043478,0.402671755725,0.648936170213,0.941398961118,0.282560706402,0.333333333333
0.000907610530665,0.0,0.453445747801,0.0,0.106995884774,0.494155968576,0.441812564367,0.269248606425,0.173913043478,0.402671755725,0.648936170213,0.974935700237,0.235651214128,0.351111111111
0.000563561510929,0.0,0.453445747801,0.0,0.106995884774,0.511783866641,0.523171987642,0.353235911939,0.173913043478,0.402671755725,0.648936170213,0.973523627011,0.292770419426,0.36
0.000871643302205,0.0,0.453445747801,0.0,0.106995884774,0.443188350259,0.347064881565,0.306722803699,0.173913043478,0.402671755725,0.648936170213,0.997881890161,0.203366445916,0.34
0.000391256007089,0.25,0.161290322581,0.0,0.0843621399177,0.606629622533,0.315139031926,0.388391273904,0.130434782609,0.179389312977,0.68085106383,1.0,0.098233995585,0.511111111111
0.000430482765628,0.25,0.161290322581,0.0,0.0843621399177,0.585936003066,0.695159629248,0.388391273904,0.130434782609,0.179389312977,0.68085106383,0.996797619648,0.151490066225,0.42
0.000340227501712,0.25,0.161290322581,0.0,0.0843621399177,0.525196397777,0.3017507724,0.388391273904,0.130434782609,0.179389312977,0.68085106383,1.0,0.137693156733,0.44
0.000328088562107,0.25,0.161290322581,0.0,0.0843621399177,0.499329373443,0.451081359423,0.388391273904,0.130434782609,0.179389312977,0.68085106383,0.98421503858,0.159492273731,0.397777777778
0.000497584126223,0.0,0.147727272727,0.0,0.131687242798,0.541866257904,0.46446961895,0.331893533632,0.0869565217391,0.114503816794,0.627659574468,1.0,0.217715231788,0.42
0.000573564896345,0.0,0.147727272727,0.0,0.131687242798,0.58804368653,0.547888774459,0.300821140503,0.0869565217391,0.114503816794,0.627659574468,0.988400827071,0.132450331126,0.48
0.000512083415196,0.0,0.147727272727,0.0,0.131687242798,0.470205020119,0.434603501545,0.299866325965,0.0869565217391,0.114503816794,0.627659574468,0.997705381008,0.307119205298,0.388888888889
0.000732719882279,0.0,0.147727272727,0.0,0.131687242798,0.490515424411,0.555097837281,0.238067091635,0.0869565217391,0.114503816794,0.627659574468,0.995587271168,0.185154525386,0.382222222222
0.000565135077174,0.0,0.108137829912,0.0,0.213991769547,0.660279747078,0.858908341916,0.20843146705,0.0434782608696,0.158396946565,0.553191489362,1.0,0.104028697572,0.413333333333
0.000524896740335,0.0,0.108137829912,0.0,0.213991769547,0.67407549339,0.619979402678,0.20777673708,0.0434782608696,0.158396946565,0.553191489362,0.997881890161,0.109547461369,0.526666666667
0.000455435030372,0.0,0.108137829912,0.0,0.213991769547,0.547231270358,0.6508753862,0.178477570952,0.0434782608696,0.158396946565,0.553191489362,0.988098239952,0.195364238411,0.391111111111
0.000370912043492,0.0,0.108137829912,0.0,0.213991769547,0.544931979306,0.731204943357,0.178459384008,0.0434782608696,0.158396946565,0.553191489362,0.991552776237,0.17853200883,0.377777777778
0.000401371790093,0.28,0.534457478006,0.0,0.162551440329,0.55202146005,0.522142121524,0.230637725177,0.130434782609,0.158396946565,0.595744680851,0.995234252862,0.177428256071,0.397777777778
0.000252107791985,0.28,0.534457478006,0.0,0.162551440329,0.5077601073,0.267765190525,0.230637725177,0.130434782609,0.158396946565,0.595744680851,0.998562711181,0.123620309051,0.444444444444
0.000411599970687,0.28,0.534457478006,0.0,0.162551440329,0.515041195631,0.766220391349,0.226009148033,0.130434782609,0.158396946565,0.595744680851,1.0,0.244481236203,0.346666666667
0.00130066489918,0.0,0.0890762463343,0.0,0.123456790123,0.587085648592,0.565396498455,0.21511516882,0.0434782608696,0.169847328244,0.574468085106,0.901860910787,0.135761589404,0.52
0.00122198658692,0.0,0.0890762463343,0.0,0.123456790123,0.498562943093,0.686920700309,0.21511516882,0.0434782608696,0.169847328244,0.574468085106,0.987215694185,0.265176600442,0.364444444444
0.00128706479092,0.0,0.0890762463343,0.0,0.123456790123,0.863767005173,0.752832131823,0.21511516882,0.0434782608696,0.169847328244,0.574468085106,1.0,0.0684326710817,0.748888888889
0.000849163784418,0.0,0.0890762463343,0.0,0.123456790123,0.816056715846,0.350154479918,0.21511516882,0.0434782608696,0.169847328244,0.574468085106,0.99150234505,0.0507726269316,0.862222222222
0.000700012183899,0.0,0.0890762463343,0.0,0.123456790123,0.738647250431,0.613800205973,0.21511516882,0.0434782608696,0.169847328244,0.574468085106,1.0,0.123068432671,0.626666666667
0.00159986728093,0.0,0.296920821114,0.0,0.277777777778,0.606629622533,0.792996910402,0.149878602152,0.173913043478,0.375954198473,0.882978723404,0.994603863029,0.212196467991,0.5
0.00121389396052,0.0,0.296920821114,0.0,0.277777777778,0.616976432267,0.704428424305,0.156998790568,0.173913043478,0.375954198473,0.882978723404,0.996671541681,0.163907284768,0.477777777778
0.00250017196831,0.0,0.296920821114,0.0,0.277777777778,0.544931979306,0.849639546859,0.144140621448,0.173913043478,0.375954198473,0.882978723404,0.17771950174,0.245584988962,0.302222222222
0.00230741010328,0.0,0.296920821114,0.0,0.277777777778,0.493581145813,0.870236869207,0.144140621448,0.173913043478,0.375954198473,0.882978723404,0.993872610823,0.323123620309,0.317777777778
0.00149803506535,0.0,0.296920821114,0.0,0.277777777778,0.499329373443,0.89701338826,0.117433094781,0.173913043478,0.375954198473,0.882978723404,0.989384235211,0.292494481236,0.335555555556
0.00141958154827,0.0,0.296920821114,0.0,0.277777777778,0.438781375742,0.966014418126,0.0888704998681,0.173913043478,0.375954198473,0.882978723404,0.992813555903,0.406732891832,0.322222222222
0.00185321144639,0.0,0.296920821114,0.0,0.277777777778,0.435907261928,0.91658084449,0.0983368040084,0.173913043478,0.375954198473,0.882978723404,0.996898482021,0.467163355408,0.322222222222
0.00140328389788,0.0,0.296920821114,0.0,0.277777777778,0.491665069937,0.847579814624,0.0902799879966,0.173913043478,0.375954198473,0.882978723404,0.97677643855,0.341059602649,0.342222222222
0.00136787865736,0.0,0.296920821114,0.0,0.277777777778,0.558152902855,0.970133882595,0.118515217925,0.173913043478,0.375954198473,0.882978723404,0.995814211508,0.290838852097,0.328888888889
0.00289210236093,0.0,0.296920821114,0.0,0.277777777778,0.511209043878,0.909371781668,0.128718093281,0.173913043478,0.375954198473,0.882978723404,0.985702758586,0.381346578366,0.32
0.00114207190119,0.0,0.296920821114,0.0,0.277777777778,0.504694385898,0.530381050463,0.149878602152,0.173913043478,0.375954198473,0.882978723404,0.991401482677,0.310982339956,0.371111111111
0.00106238201063,0.0,0.350073313783,0.0,0.333333333333,0.604330331481,0.810504634398,0.14075784994,0.217391304348,0.467557251908,0.553191489362,0.996696757275,0.23261589404,0.395555555556
0.00131471459779,0.0,0.350073313783,0.0,0.333333333333,0.450661046177,0.926879505664,0.111285907847,0.217391304348,0.467557251908,0.553191489362,0.995082959302,0.399558498896,0.306666666667
0.00242553996926,0.0,0.350073313783,0.0,0.333333333333,0.484958804369,0.952626158599,0.128981803963,0.217391304348,0.467557251908,0.553191489362,1.0,0.423841059603,0.304444444444
0.00152849481195,0.0,0.350073313783,0.0,0.333333333333,0.51599923357,0.83728115345,0.102474333676,0.217391304348,0.467557251908,0.553191489362,0.979424075849,0.240618101545,0.3
0.00185478501264,0.0,0.350073313783,0.0,0.333333333333,0.453535159992,0.878475798146,0.121261446408,0.217391304348,0.467557251908,0.553191489362,0.868904130314,0.387141280353,0.295555555556
0.00140789219902,0.0,0.350073313783,0.0,0.333333333333,0.501053841732,0.716786817714,0.145541016105,0.217391304348,0.467557251908,0.553191489362,0.990922386404,0.284492273731,0.36
0.00162594352156,0.0,0.350073313783,0.0,0.333333333333,0.471354665645,0.820803295572,0.147114186725,0.217391304348,0.467557251908,0.553191489362,0.993973473196,0.236479028698,0.315555555556
0.00139665244013,0.0,0.350073313783,0.0,0.333333333333,0.442805135083,0.722966014418,0.122570906346,0.217391304348,0.467557251908,0.553191489362,0.853068737707,0.376379690949,0.342222222222
0.00155603222124,0.0,0.350073313783,0.0,0.333333333333,0.415788465223,0.641606591143,0.148187216397,0.217391304348,0.467557251908,0.553191489362,0.986383579606,0.327814569536,0.317777777778
0.000704395689867,0.0,0.923387096774,0.0,0.40329218107,0.442421919908,0.687950566426,0.102583455337,0.0434782608696,0.00190839694656,0.691489361702,0.980457915175,0.348785871965,0.377777777778
0.000734293448524,0.0,0.923387096774,0.0,0.40329218107,0.468097336655,0.836251287333,0.0971000918441,0.0434782608696,0.00190839694656,0.691489361702,0.95151041404,0.346026490066,0.34
0.000974149903316,0.0,0.923387096774,0.0,0.40329218107,0.459858210385,0.926879505664,0.0870518055088,0.0434782608696,0.00190839694656,0.691489361702,0.95256946896,0.44701986755,0.344444444444
0.00161919966622,0.0,0.923387096774,0.0,0.40329218107,0.439739413681,0.969104016478,0.0740936081987,0.0434782608696,0.00190839694656,0.691489361702,0.932951737354,0.653421633554,0.273333333333
0.00103596857723,0.0,0.923387096774,0.0,0.40329218107,0.444146388197,0.956745623069,0.0797224672408,0.0434782608696,0.00190839694656,0.691489361702,0.955822280498,0.437362030905,0.306666666667
0.001828708772,0.0,0.923387096774,0.0,0.40329218107,0.464648400077,0.880535530381,0.07850394202,0.0434782608696,0.00190839694656,0.691489361702,0.970043875132,0.360927152318,0.364444444444
0.00428268533126,0.0,0.923387096774,0.0,0.40329218107,0.393178769879,0.954685890834,0.0570706289954,0.0434782608696,0.00190839694656,0.691489361702,0.905164153513,0.704470198675,0.237777777778
0.00284174824109,0.0,0.785557184751,0.0,0.491769547325,0.408507376892,0.958805355304,0.0598986987242,0.130434782609,0.477099236641,0.914893617021,0.987921730798,0.426600441501,0.248888888889
0.00358671946056,0.0,0.785557184751,0.0,0.491769547325,0.549913776586,0.987641606591,0.062099318899,0.130434782609,0.477099236641,0.914893617021,1.0,0.376931567329,0.288888888889
0.00983400224885,0.0,0.785557184751,0.0,0.491769547325,0.397777351983,0.945417095778,0.0773217906865,0.130434782609,0.477099236641,0.914893617021,1.0,0.458333333333,0.206666666667
0.00375115713318,0.0,0.785557184751,0.0,0.491769547325,0.555087181452,0.988671472709,0.0899253425965,0.130434782609,0.477099236641,0.914893617021,0.995309899642,0.299944812362,0.315555555556
0.0133373226984,0.0,0.785557184751,0.0,0.491769547325,0.529794979881,0.9763130793,0.103792887086,0.130434782609,0.477099236641,0.914893617021,1.0,0.290562913907,0.324444444444
0.00656098445901,0.0,0.785557184751,0.0,0.491769547325,0.538608928914,0.978372811535,0.10892160518,0.130434782609,0.477099236641,0.914893617021,0.971909829038,0.259105960265,0.4
0.00363606200211,0.0,0.785557184751,0.0,0.491769547325,0.4332247557,0.952626158599,0.12187980249,0.130434782609,0.477099236641,0.914893617021,0.979297997882,0.366997792494,0.297777777778
0.010900880163,0.0,0.785557184751,0.0,0.491769547325,0.420770262502,0.983522142122,0.110612990934,0.130434782609,0.477099236641,0.914893617021,0.661758031166,0.429911699779,0.235555555556
0.00619827743951,0.0,0.785557184751,0.0,0.491769547325,0.53151944817,0.981462409887,0.0892160517964,0.130434782609,0.477099236641,0.914893617021,0.994376922689,0.420253863135,0.291111111111
0.00355536053325,0.0,0.785557184751,0.0,0.491769547325,0.45621766622,0.933058702369,0.0761396393529,0.130434782609,0.477099236641,0.914893617021,0.952972918453,0.418598233996,0.275555555556
0.0038890689748,0.0,0.785557184751,0.0,0.491769547325,0.554320751102,0.983522142122,0.0654911838791,0.130434782609,0.477099236641,0.914893617021,0.992889202683,0.354856512141,0.268888888889
0.00273665649543,0.0,0.785557184751,0.0,0.491769547325,0.439931021268,0.981462409887,0.0490138129837,0.130434782609,0.477099236641,0.914893617021,0.987745221645,0.540562913907,0.184444444444
0.00604923823658,0.0,0.785557184751,0.0,0.491769547325,0.496263652041,0.978372811535,0.0490229064555,0.130434782609,0.477099236641,0.914893617021,1.0,0.461644591611,0.284444444444
0.00319861058596,0.0,0.785557184751,0.0,0.491769547325,0.500670626557,0.934088568486,0.043857814475,0.130434782609,0.477099236641,0.914893617021,0.977759846689,0.618929359823,0.2
0.0182344856484,0.0,0.785557184751,0.0,0.491769547325,0.279363862809,1.0,0.0281715756259,0.130434782609,0.477099236641,0.914893617021,1.0,0.901766004415,0.208888888889
0.0372567659977,0.0,0.700879765396,1.0,1.0,0.352941176471,1.0,0.0174594658495,0.173913043478,0.412213740458,0.223404255319,1.0,0.692328918322,0.186666666667
0.0459827528148,0.0,0.700879765396,0.0,1.0,0.365395669669,1.0,0.02566177741,0.173913043478,0.412213740458,0.223404255319,1.0,0.681291390728,0.235555555556
0.0311725721109,0.0,0.700879765396,0.0,1.0,0.25713738264,0.977342945417,0.019669179496,0.173913043478,0.412213740458,0.223404255319,1.0,0.760485651214,0.151111111111
0.0266721726499,0.0,0.700879765396,0.0,1.0,0.4922398927,1.0,0.0263256008511,0.173913043478,0.412213740458,0.223404255319,0.43519592516,0.719370860927,0.195555555556
0.0241512071276,0.0,0.700879765396,0.0,1.0,0.396052883694,1.0,0.0351917358528,0.173913043478,0.412213740458,0.223404255319,0.426017449191,0.411699779249,0.235555555556
0.0265516824345,0.0,0.700879765396,0.0,1.0,0.261544357157,0.955715756952,0.0301175785903,0.173913043478,0.412213740458,0.223404255319,0.986913107065,0.76710816777,0.213333333333
0.0261287303074,0.0,0.700879765396,0.0,1.0,0.311362329948,0.936148300721,0.0363738871864,0.173913043478,0.412213740458,0.223404255319,0.899364567048,0.733719646799,0.284444444444
0.0306581283464,0.0,0.700879765396,0.0,1.0,0.390113048477,0.947476828012,0.0360192417863,0.173913043478,0.412213740458,0.223404255319,0.88640375208,0.544150110375,0.231111111111
0.0185487493071,0.0,0.700879765396,0.0,1.0,0.490707031998,0.97219361483,0.0444125162546,0.173913043478,0.412213740458,0.223404255319,0.939230420092,0.341335540839,0.366666666667
0.0167472407516,0.0,0.700879765396,0.0,1.0,0.353132784058,1.0,0.0420118397003,0.173913043478,0.412213740458,0.223404255319,0.860557768924,0.318708609272,0.324444444444
0.0125914522982,0.0,0.700879765396,1.0,1.0,0.278022609695,0.876416065911,0.0437032254544,0.173913043478,0.412213740458,0.223404255319,0.864793988603,0.286699779249,0.228888888889
0.0240852297429,0.0,0.700879765396,0.0,1.0,0.411573098295,0.984552008239,0.044885376788,0.173913043478,0.412213740458,0.223404255319,0.659715568107,0.387969094923,0.32
0.0158202978356,0.0,0.700879765396,1.0,1.0,0.492048285112,0.958805355304,0.0563613381953,0.173913043478,0.412213740458,0.223404255319,0.808664077866,0.369481236203,0.266666666667
0.0396616248106,0.0,0.700879765396,1.0,1.0,0.496455259628,0.820803295572,0.0560066927952,0.173913043478,0.412213740458,0.223404255319,0.221115537849,0.366721854305,0.235555555556
0.0274290580138,0.0,0.700879765396,0.0,1.0,0.327840582487,0.938208032956,0.0551791868618,0.173913043478,0.412213740458,0.223404255319,0.222678904635,0.397626931567,0.18
0.0136817089109,0.0,0.700879765396,0.0,0.452674897119,0.648016861468,0.973223480947,0.0679918886232,0.173913043478,0.412213740458,0.223404255319,0.915603409148,0.0789183222958,0.806666666667
0.0150221625566,0.0,0.700879765396,0.0,0.452674897119,0.479977007089,1.0,0.0570797224672,0.173913043478,0.412213740458,0.223404255319,0.891547733118,0.129690949227,0.428888888889
0.0159458459425,0.0,0.700879765396,0.0,1.0,0.565050776011,1.0,0.0578617610417,0.173913043478,0.412213740458,0.223404255319,0.917822381361,0.156181015453,0.406666666667
0.0142423480845,0.0,0.700879765396,1.0,0.452674897119,0.515232803219,0.923789907312,0.0608171393756,0.173913043478,0.412213740458,0.223404255319,0.853799989914,0.104028697572,0.488888888889
0.0163767782985,0.0,0.700879765396,0.0,0.452674897119,0.75263460433,0.905252317199,0.0765033782248,0.173913043478,0.412213740458,0.223404255319,0.943340561803,0.0,1.0
0.0205400973903,0.0,0.700879765396,1.0,0.452674897119,0.812607779268,0.981462409887,0.0828506215388,0.173913043478,0.412213740458,0.223404255319,0.981617832468,0.00524282560706,1.0
0.0170023832785,0.0,0.700879765396,1.0,0.452674897119,0.922398926998,0.937178166838,0.0938810028281,0.173913043478,0.412213740458,0.223404255319,0.978692823642,0.0438741721854,1.0
0.0251325504766,0.0,0.700879765396,0.0,0.452674897119,0.439356198505,0.915550978373,0.117524029499,0.173913043478,0.412213740458,0.223404255319,0.995486408795,0.273454746137,0.393333333333
0.0327940197289,0.0,0.700879765396,0.0,0.452674897119,0.486683272658,0.927909371782,0.104920477589,0.173913043478,0.412213740458,0.223404255319,0.604770790257,0.222958057395,0.444444444444
0.0225230156543,0.0,0.700879765396,0.0,0.452674897119,0.836941942901,0.960865087539,0.0833234820722,0.173913043478,0.412213740458,0.223404255319,0.930404962429,0.0543598233996,1.0
0.0201636778649,0.0,0.700879765396,0.0,0.452674897119,0.443763173022,0.78578784758,0.117878674899,0.173913043478,0.412213740458,0.223404255319,0.573125220636,0.287251655629,0.417777777778
0.0257849060828,0.0,0.700879765396,0.0,0.452674897119,0.528453726768,0.959835221421,0.0882430503142,0.173913043478,0.412213740458,0.223404255319,0.748323163044,0.258554083885,0.417777777778
0.0274610913266,0.0,0.700879765396,0.0,0.452674897119,0.544357156543,0.950566426365,0.103019941984,0.173913043478,0.412213740458,0.223404255319,0.831408543043,0.264624724062,0.384444444444
0.0135000744072,0.0,0.700879765396,0.0,0.452674897119,0.443379957846,0.94438722966,0.117878674899,0.173913043478,0.412213740458,0.223404255319,0.736219678249,0.350441501104,0.275555555556
0.0259366428279,0.0,0.700879765396,0.0,0.452674897119,0.444337995785,0.97219361483,0.114495903391,0.173913043478,0.412213740458,0.223404255319,0.877023551364,0.284216335541,0.313333333333
0.00149286477626,0.0,0.131598240469,0.0,0.257201646091,0.385322858785,0.881565396498,0.133355763897,0.173913043478,0.208015267176,0.425531914894,1.0,0.35761589404,0.402222222222
0.000960549795054,0.0,0.131598240469,0.0,0.257201646091,0.547039662771,0.836251287333,0.137920686739,0.173913043478,0.208015267176,0.425531914894,0.996469816935,0.201710816777,0.413333333333
0.000878387157541,0.0,0.131598240469,0.0,0.257201646091,0.440314236444,0.677651905252,0.142976657058,0.173913043478,0.208015267176,0.425531914894,0.99074587725,0.218267108168,0.391111111111
0.000677982256467,0.0,0.131598240469,0.0,0.257201646091,0.571948649167,0.311019567456,0.18211495967,0.173913043478,0.208015267176,0.425531914894,0.985021937566,0.0993377483444,0.542222222222
0.000718220593306,0.0,0.131598240469,0.0,0.257201646091,0.471163058057,0.45623069001,0.220543971483,0.173913043478,0.208015267176,0.425531914894,0.99074587725,0.231236203091,0.404444444444
0.000538721643774,0.0,0.131598240469,0.0,0.257201646091,0.527687296417,0.72605561277,0.198956069438,0.173913043478,0.208015267176,0.425531914894,0.996721972868,0.12582781457,0.435555555556
0.00067550950951,0.0,0.131598240469,0.0,0.257201646091,0.632113431692,0.736354273944,0.162382125872,0.173913043478,0.208015267176,0.425531914894,0.985803620959,0.14321192053,0.553333333333
0.000578622787847,0.0,0.0733137829912,0.0,0.211934156379,0.655106342211,0.57157569516,0.154534459711,0.0869565217391,0.0114503816794,0.553191489362,1.0,0.0913355408389,0.715555555556
0.000669440039708,0.0,0.0733137829912,0.0,0.211934156379,0.805518298525,0.828012358393,0.14653220453,0.0869565217391,0.0114503816794,0.553191489362,0.996621110495,0.16087196468,0.773333333333
0.000703159316389,0.0,0.0733137829912,0.0,0.211934156379,0.494922398927,0.610710607621,0.133519446389,0.0869565217391,0.0114503816794,0.553191489362,1.0,0.213024282561,0.693333333333
0.000952119975884,0.0,0.0733137829912,0.0,0.211934156379,0.688637670052,0.919670442842,0.142858441925,0.0869565217391,0.0114503816794,0.553191489362,0.992990065056,0.0852649006623,0.731111111111
0.00105383979387,0.0,0.0733137829912,0.0,0.211934156379,0.575205978157,0.954685890834,0.156171284635,0.0869565217391,0.0114503816794,0.553191489362,1.0,0.108995584989,0.611111111111
0.000862763892679,0.0,0.0733137829912,0.0,0.211934156379,0.39145430159,0.894953656025,0.168983986396,0.0869565217391,0.0114503816794,0.553191489362,0.985122799939,0.338024282561,0.475555555556
0.000608632944093,0.0,0.0733137829912,0.0,0.211934156379,0.496646867216,0.67868177137,0.195518737099,0.0869565217391,0.0114503816794,0.553191489362,0.975313934137,0.315121412804,0.546666666667
0.000558616017016,0.0,0.0733137829912,0.0,0.211934156379,0.81816439931,0.522142121524,0.188198492302,0.0869565217391,0.0114503816794,0.553191489362,0.989232941651,0.075055187638,1.0
0.00081409573667,0.45,0.109237536657,0.0,0.106995884774,0.617168039854,0.393408856849,0.241795415072,0.173913043478,0.402671755725,0.276595744681,0.992359675223,0.136589403974,0.6
0.00134281399503,0.45,0.109237536657,0.0,0.106995884774,0.573864725043,0.26982492276,0.312551719121,0.173913043478,0.402671755725,0.276595744681,0.964546875788,0.0780905077263,0.551111111111
0.000869732543193,0.45,0.109237536657,0.0,0.106995884774,0.694385897682,0.370751802266,0.312551719121,0.173913043478,0.402671755725,0.276595744681,1.0,0.100993377483,0.664444444444
0.000948186060271,0.45,0.109237536657,0.0,0.106995884774,0.649549722169,0.191555097837,0.486518928062,0.173913043478,0.402671755725,0.276595744681,0.951535629633,0.0929911699779,0.711111111111
0.000705744460934,0.45,0.109237536657,0.0,0.106995884774,0.608928913585,0.287332646756,0.486518928062,0.173913043478,0.402671755725,0.276595744681,0.981869988401,0.0816777041943,0.566666666667
0.000902777434341,0.45,0.109237536657,0.0,0.106995884774,0.693044644568,0.240988671473,0.486518928062,0.173913043478,0.402671755725,0.276595744681,0.98383680468,0.0314569536424,0.697777777778
0.000174778250797,0.6,0.0905425219941,0.0,0.0329218106996,0.620616976432,0.0720906282183,0.462857714447,0.0,0.148854961832,0.31914893617,0.991098895557,0.091059602649,0.58
9.0704854272e-05,0.6,0.0905425219941,0.0,0.0329218106996,0.583061889251,0.163748712667,0.462857714447,0.0,0.148854961832,0.31914893617,0.949064501488,0.0731236203091,0.535555555556
8.41857941137e-05,0.8,0.0,0.0,0.0761316872428,0.826595133167,0.299691040165,0.410915803545,0.130434782609,0.129770992366,0.191489361702,0.993267436583,0.0342163355408,1.0
0.000379791453018,0.8,0.0388563049853,0.0,0.0390946502058,0.713929871623,0.32131822863,0.561921996199,0.0434782608696,0.270992366412,0.0,1.0,0.0648454746137,0.628888888889
0.000453411873771,0.8,0.0388563049853,0.0,0.0390946502058,0.679440505844,0.347064881565,0.561921996199,0.0434782608696,0.270992366412,0.0,0.892606788038,0.189845474614,0.562222222222
0.000352478838906,0.8,0.0388563049853,0.0,0.0390946502058,0.711438972983,0.364572605561,0.561921996199,0.0434782608696,0.270992366412,0.0,0.988148671138,0.134933774834,0.657777777778
0.000283017128943,0.95,0.0370234604106,0.0,0.037037037037,0.654148304273,0.127703398558,0.593239913066,0.0869565217391,0.410305343511,0.468085106383,1.0,0.0780905077263,0.664444444444
0.000128807636922,0.95,0.0370234604106,0.0,0.037037037037,0.684805518299,0.113285272915,0.593239913066,0.0869565217391,0.410305343511,0.468085106383,0.968228352413,0.075055187638,0.62
0.000316174417679,0.825,0.0575513196481,0.0,0.0617283950617,0.498371335505,0.365602471679,0.467440824232,0.0434782608696,0.307251908397,0.223404255319,0.99210751929,0.157284768212,0.424444444444
0.000173654274907,0.825,0.0575513196481,0.0,0.0617283950617,0.775819122437,0.131822863028,0.467440824232,0.0434782608696,0.307251908397,0.223404255319,0.996167229815,0.0380794701987,0.828888888889
0.00032348026096,0.95,0.0813782991202,0.0,0.0639917695473,0.822379766239,0.312049433574,0.362684029135,0.130434782609,0.0706106870229,0.223404255319,0.989611175551,0.0573951434879,0.966666666667
0.000154771479966,0.95,0.0813782991202,0.0,0.0639917695473,0.857060739605,0.298661174047,0.362684029135,0.130434782609,0.0706106870229,0.223404255319,0.98398809824,0.0317328918322,1.0
0.00146229263207,0.0,0.37133431085,0.0,0.213991769547,0.446445679249,0.199794026777,0.256053978849,0.130434782609,0.171755725191,0.63829787234,1.0,0.252207505519,0.391111111111
0.00251062494408,0.0,0.37133431085,0.0,0.213991769547,0.529794979881,0.510813594233,0.293291745856,0.130434782609,0.171755725191,0.63829787234,0.994881234555,0.254966887417,0.431111111111
0.00276127156741,0.0,0.37133431085,0.0,0.213991769547,0.425752059782,0.718846549949,0.293291745856,0.130434782609,0.171755725191,0.63829787234,0.981163951788,0.450607064018,0.388888888889
0.00145611076468,0.0,0.37133431085,1.0,0.213991769547,0.479593791914,0.578784757981,0.282770598987,0.130434782609,0.171755725191,0.63829787234,0.960714105603,0.35678807947,0.431111111111
0.00482624007136,0.0,0.37133431085,1.0,0.213991769547,0.341636328799,1.0,0.249652174704,0.130434782609,0.171755725191,0.63829787234,1.0,0.58940397351,0.333333333333
0.00188985306038,0.0,0.37133431085,1.0,0.213991769547,0.459666602797,0.918640576725,0.249843137612,0.130434782609,0.171755725191,0.63829787234,0.990796308437,0.42880794702,0.371111111111
0.00415264132086,0.0,0.37133431085,1.0,0.213991769547,0.353132784058,0.882595262616,0.230555883931,0.130434782609,0.171755725191,0.63829787234,0.995814211508,0.613962472406,0.317777777778
0.00237012795791,0.0,0.37133431085,1.0,0.213991769547,0.430350641885,0.524201853759,0.229428293428,0.130434782609,0.171755725191,0.63829787234,0.98497150638,0.394591611479,0.386666666667
0.00150837564353,0.0,0.37133431085,0.0,0.213991769547,0.539183751677,0.302780638517,0.256053978849,0.130434782609,0.171755725191,0.63829787234,0.972035907005,0.211092715232,0.513333333333
0.00318343691146,0.0,0.37133431085,0.0,0.213991769547,0.35466564476,0.0710607621009,0.223508443289,0.130434782609,0.171755725191,0.63829787234,0.87904079883,0.76766004415,0.415555555556
0.00215466177992,0.0,0.37133431085,0.0,0.213991769547,0.502203487258,0.406797116375,0.256053978849,0.130434782609,0.171755725191,0.63829787234,0.991754500983,0.21357615894,0.444444444444
0.000441497729344,0.0,0.492302052786,1.0,0.33950617284,0.445870856486,0.546858908342,0.180278078368,0.173913043478,0.169847328244,0.404255319149,0.989661606738,0.325055187638,0.406666666667
0.000717209015006,0.0,0.492302052786,0.0,0.33950617284,0.590342977582,0.846549948507,0.208376906219,0.173913043478,0.169847328244,0.404255319149,0.989611175551,0.219646799117,0.526666666667
0.00117309363573,0.0,0.492302052786,1.0,0.33950617284,0.457942134509,0.936148300721,0.160017823205,0.173913043478,0.169847328244,0.404255319149,1.0,0.44674392936,0.366666666667
0.0012131071774,0.0,0.492302052786,1.0,0.33950617284,0.538800536501,0.921730175077,0.203120879521,0.173913043478,0.169847328244,0.404255319149,0.99203187251,0.241997792494,0.4
0.00395380998603,0.0,0.210410557185,1.0,0.251028806584,0.649549722169,0.881565396498,0.157508024989,0.304347826087,0.229007633588,0.510638297872,0.986887891472,0.220198675497,0.482222222222
0.00451152682234,0.0,0.210410557185,1.0,0.251028806584,0.49875455068,0.910401647786,0.174449162946,0.304347826087,0.229007633588,0.510638297872,0.995814211508,0.544426048565,0.371111111111
0.00693762877954,0.0,0.210410557185,1.0,0.251028806584,0.635753975857,0.770339855819,0.194827633242,0.304347826087,0.229007633588,0.510638297872,0.983584648747,0.226269315673,0.5
0.00683804451574,0.0,0.210410557185,0.0,0.251028806584,0.585744395478,0.802265705458,0.194827633242,0.304347826087,0.229007633588,0.510638297872,1.0,0.161975717439,0.557777777778
0.00347319789574,0.0,0.210410557185,0.0,0.244855967078,0.901513699943,0.776519052523,0.160481590266,0.304347826087,0.229007633588,0.510638297872,0.970119521912,0.0665011037528,0.884444444444
0.00585153087764,0.0,0.210410557185,0.0,0.244855967078,0.989461582679,0.824922760041,0.160481590266,0.304347826087,0.229007633588,0.510638297872,0.962428765949,0.0800220750552,1.0
0.00422412618742,0.0,0.210410557185,0.0,0.244855967078,0.858210385131,0.86096807415,0.189698915149,0.304347826087,0.229007633588,0.510638297872,0.975994755157,0.0386313465784,0.724444444444
0.00456401649637,0.0,0.210410557185,0.0,0.244855967078,0.690170530753,0.792996910402,0.189698915149,0.304347826087,0.229007633588,0.510638297872,0.937414897373,0.127759381898,0.591111111111
0.0032805484283,0.0,0.210410557185,0.0,0.244855967078,0.790381299099,0.145211122554,0.204193909193,0.304347826087,0.229007633588,0.510638297872,0.951106964547,0.0604304635762,0.926666666667
0.00489446540784,0.0,0.210410557185,0.0,0.244855967078,0.573098294692,0.19052523172,0.204193909193,0.304347826087,0.229007633588,0.510638297872,0.958242977457,0.0560154525386,0.588888888889
0.0059647152497,0.0,0.210410557185,0.0,0.244855967078,0.463690362138,0.671472708548,0.231146959598,0.304347826087,0.229007633588,0.510638297872,0.953225074386,0.273730684327,0.428888888889
0.00513252350121,0.0,0.210410557185,0.0,0.244855967078,0.73788082008,0.76210092688,0.231146959598,0.304347826087,0.229007633588,0.510638297872,0.947652428262,0.0971302428256,0.593333333333
0.00639508561774,0.0,0.210410557185,0.0,0.251028806584,0.915117838666,0.725025746653,0.246323964026,0.304347826087,0.229007633588,0.510638297872,0.972288062938,0.0204194260486,0.815555555556
0.00365460760428,0.0,0.210410557185,0.0,0.251028806584,0.897873155777,0.695159629248,0.229364639126,0.304347826087,0.229007633588,0.510638297872,0.954738009985,0.0612582781457,0.962222222222
0.00496336512986,0.0,0.210410557185,1.0,0.251028806584,0.606438014945,0.654994850669,0.229364639126,0.304347826087,0.229007633588,0.510638297872,0.907458772505,0.174392935982,0.533333333333
0.00364314305021,0.0,0.210410557185,0.0,0.251028806584,0.483809158843,0.603501544799,0.229364639126,0.304347826087,0.229007633588,0.510638297872,0.949190579454,0.252483443709,0.422222222222
0.00578015840867,0.0,0.210410557185,1.0,0.251028806584,0.588235294118,0.75798146241,0.274477352708,0.304347826087,0.229007633588,0.510638297872,0.978692823642,0.215507726269,0.446666666667
0.00568181051835,0.0,0.210410557185,0.0,0.251028806584,0.727534010347,0.707518022657,0.274477352708,0.304347826087,0.229007633588,0.510638297872,0.98277774976,0.0827814569536,0.588888888889
0.000855570446987,0.3,0.163856304985,0.0,0.0884773662551,0.559494155969,0.160659114315,0.460156953323,0.217391304348,0.215648854962,0.425531914894,0.955897927278,0.127759381898,0.415555555556
0.000968867216636,0.3,0.163856304985,0.0,0.0884773662551,0.583445104426,0.40473738414,0.460156953323,0.217391304348,0.215648854962,0.425531914894,0.96691714156,0.155629139073,0.406666666667
0.00120231700886,0.3,0.163856304985,0.0,0.0884773662551,0.639202912435,0.529351184346,0.47345160909,0.217391304348,0.215648854962,0.425531914894,0.985753189773,0.266280353201,0.377777777778
0.00112172793759,0.3,0.163856304985,0.0,0.0884773662551,0.485533627132,0.640576725026,0.47345160909,0.217391304348,0.215648854962,0.425531914894,0.994250844722,0.294426048565,0.335555555556
0.00108553591395,0.3,0.163856304985,0.0,0.0884773662551,0.535926422686,0.514933058702,0.537051350835,0.217391304348,0.215648854962,0.425531914894,0.939104342125,0.261865342163,0.382222222222
0.00136282076586,0.3,0.163856304985,0.0,0.0884773662551,0.542632688254,0.0504634397528,0.537051350835,0.217391304348,0.215648854962,0.425531914894,0.944046598416,0.0954746136865,0.415555555556
0.0022452542366,0.22,0.197947214076,0.0,0.0946502057613,0.389346618126,0.75798146241,0.620656730533,0.260869565217,0.272900763359,0.691489361702,0.938448736699,0.297185430464,0.28
0.00207946779292,0.22,0.197947214076,0.0,0.0946502057613,0.391645909178,0.693099897013,0.620656730533,0.260869565217,0.272900763359,0.691489361702,0.980407483988,0.461644591611,0.3
0.00374857198863,0.22,0.197947214076,0.0,0.0946502057613,0.488024525771,0.32955715757,0.629804763161,0.260869565217,0.272900763359,0.691489361702,0.983055121287,0.205022075055,0.428888888889
0.00213836412952,0.22,0.197947214076,0.0,0.0946502057613,0.510634221115,0.78578784758,0.629804763161,0.260869565217,0.272900763359,0.691489361702,0.947652428262,0.23233995585,0.344444444444
0.00177666868832,0.22,0.197947214076,0.0,0.0946502057613,0.550296991761,0.475798146241,0.608980712746,0.260869565217,0.272900763359,0.691489361702,0.944046598416,0.21495584989,0.433333333333
0.00207272393758,0.22,0.197947214076,0.0,0.0946502057613,0.604905154244,0.150360453141,0.608980712746,0.260869565217,0.272900763359,0.691489361702,0.99203187251,0.133278145695,0.471111111111
0.00150590289658,0.22,0.197947214076,0.0,0.0946502057613,0.560643801495,0.104016477858,0.569896970965,0.260869565217,0.272900763359,0.691489361702,0.998436633214,0.115066225166,0.431111111111
0.00233528470534,0.22,0.197947214076,0.0,0.0946502057613,0.551255029699,0.0617919670443,0.569896970965,0.260869565217,0.272900763359,0.691489361702,0.949997478441,0.0513245033113,0.44
0.000852985302442,0.22,0.197947214076,0.0,0.0946502057613,0.650699367695,0.0401647785788,0.707208395093,0.260869565217,0.272900763359,0.691489361702,0.972741943618,0.0496688741722,0.546666666667
0.00407576137003,0.22,0.197947214076,0.0,0.0946502057613,0.900172446829,0.0566426364573,0.707208395093,0.260869565217,0.272900763359,0.691489361702,1.0,0.049944812362,0.84
0.000470608704879,0.8,0.116568914956,0.0,0.0144032921811,0.488024525771,0.299691040165,0.735725522647,0.0,0.24427480916,0.404255319149,0.989888547078,0.133554083885,0.375555555556
0.00032775136934,0.8,0.116568914956,0.0,0.0144032921811,0.443571565434,0.16683831102,0.735725522647,0.0,0.24427480916,0.404255319149,0.995662917948,0.207505518764,0.353333333333
0.000101832215577,0.9,0.120601173021,0.0,0.0185185185185,0.745928338762,0.322348094748,0.47345160909,0.0869565217391,0.108778625954,0.351063829787,0.973372333451,0.0380794701987,0.866666666667
0.00680252687764,0.2,0.12866568915,0.0,0.539094650206,0.985437823338,0.86508753862,0.0610535696424,0.173913043478,0.146946564885,0.0425531914894,0.981844772808,0.0935430463576,1.0
0.00738665714734,0.2,0.12866568915,0.0,0.539094650206,0.722743820655,1.0,0.069565059244,0.173913043478,0.146946564885,0.0425531914894,0.965681577488,0.167218543046,0.688888888889
0.00730955240133,0.2,0.12866568915,0.0,0.539094650206,0.628664495114,1.0,0.0801225799998,0.173913043478,0.146946564885,0.0425531914894,0.987467850119,0.14266004415,0.557777777778
0.00599967089986,0.2,0.12866568915,0.0,0.539094650206,0.697834834259,0.812564366632,0.0893433604016,0.173913043478,0.146946564885,0.0425531914894,0.989661606738,0.216887417219,0.64
0.00593234474409,0.2,0.12866568915,0.0,0.539094650206,0.758574439548,0.890834191555,0.0918622520892,0.173913043478,0.146946564885,0.0425531914894,0.978491098896,0.152593818985,0.846666666667
0.00577521291475,0.2,0.12866568915,0.0,0.539094650206,0.926805901514,0.912461380021,0.105384244651,0.173913043478,0.146946564885,0.0425531914894,0.974683544304,0.115342163355,0.973333333333
0.00920468814839,0.2,0.12866568915,0.0,0.539094650206,0.721594175129,0.943357363543,0.0863152342933,0.173913043478,0.146946564885,0.0425531914894,0.991224973524,0.262693156733,0.577777777778
0.00611161889844,0.2,0.12866568915,0.0,0.539094650206,0.698409657022,0.913491246138,0.0727932417318,0.173913043478,0.146946564885,0.0425531914894,0.977280750416,0.175772626932,0.7
0.0084893898924,0.2,0.12866568915,0.0,0.539094650206,0.383023567733,0.616889804325,0.077921959825,0.173913043478,0.146946564885,0.0425531914894,0.988652983005,0.240618101545,0.395555555556
0.00876004328656,0.2,0.12866568915,0.0,0.539094650206,0.661621000192,0.84140061792,0.0912348025353,0.173913043478,0.146946564885,0.0425531914894,0.967648393767,0.360375275938,0.571111111111
0.00642936688237,0.2,0.12866568915,0.0,0.390946502058,0.90745353516,0.660144181256,0.117487655612,0.173913043478,0.146946564885,0.0425531914894,0.968833526653,0.157560706402,1.0
0.00600405440583,0.2,0.12866568915,0.0,0.390946502058,0.748994060165,0.51184346035,0.158444652584,0.173913043478,0.146946564885,0.0425531914894,0.983357708407,0.0394591611479,0.855555555556
0.000947848867504,0.2,0.238269794721,1.0,0.162551440329,0.452002299291,0.603501544799,0.253516900217,0.0869565217391,0.0687022900763,0.63829787234,0.985980130112,0.328918322296,0.348888888889
0.00329145099443,0.2,0.238269794721,0.0,0.162551440329,0.439739413681,0.403707518023,0.300030008457,0.0869565217391,0.0687022900763,0.63829787234,0.979197135509,0.310982339956,0.357777777778
0.00175104203805,0.2,0.238269794721,0.0,0.162551440329,0.513316727342,0.138002059732,0.300030008457,0.0869565217391,0.0687022900763,0.63829787234,1.0,0.134105960265,0.448888888889
0.00121704109301,0.2,0.238269794721,0.0,0.162551440329,0.570415788465,0.574665293512,0.253516900217,0.0869565217391,0.0687022900763,0.63829787234,0.995108174895,0.165562913907,0.431111111111
0.00242284242712,0.2,0.238269794721,1.0,0.162551440329,0.791339337038,0.503604531411,0.294346588584,0.0869565217391,0.0687022900763,0.63829787234,0.984542841293,0.133830022075,0.671111111111
0.000563336715751,0.4,0.218108504399,1.0,0.127572016461,0.612569457751,0.308959835221,0.268075548564,0.130434782609,0.12786259542,0.531914893617,1.0,0.0496688741722,0.608888888889
0.00100843116794,0.4,0.218108504399,0.0,0.127572016461,0.630963786166,0.410916580844,0.285325864562,0.130434782609,0.12786259542,0.531914893617,1.0,0.0344922737307,0.6
0.00110565508237,0.4,0.218108504399,1.0,0.127572016461,0.71009771987,0.474768280124,0.332602824432,0.130434782609,0.12786259542,0.531914893617,0.980710071108,0.119205298013,0.626666666667
0.000617624751208,0.4,0.218108504399,1.0,0.127572016461,0.625598773711,0.254376930999,0.339477489111,0.130434782609,0.12786259542,0.531914893617,0.991300620304,0.0670529801325,0.624444444444
0.00082567268833,0.4,0.218108504399,0.0,0.127572016461,0.559685763556,0.300720906282,0.27377715538,0.130434782609,0.12786259542,0.531914893617,1.0,0.150662251656,0.535555555556
0.00229358519985,0.2,0.105205278592,0.0,0.119135802469,0.622916267484,0.3017507724,0.270176140549,0.173913043478,0.0553435114504,0.244680851064,1.0,0.0860927152318,0.668888888889
0.000331123297008,0.2,0.105205278592,0.0,0.119135802469,0.816056715846,0.634397528321,0.32419136302,0.173913043478,0.0553435114504,0.244680851064,0.975818246003,0.0560154525386,0.897777777778
0.000345397790803,0.2,0.105205278592,0.0,0.119135802469,0.652807051159,0.35324407827,0.374205457902,0.173913043478,0.0553435114504,0.244680851064,0.988224317918,0.0789183222958,0.675555555556
0.000617849546386,0.2,0.105205278592,1.0,0.119135802469,0.782525388005,0.481977342945,0.371222799152,0.173913043478,0.0553435114504,0.244680851064,0.949997478441,0.0353200883002,0.911111111111
9.76735047861e-05,0.9,0.0274926686217,1.0,0.0329218106996,0.835792297375,0.225540679712,0.432430957815,0.0,0.0209923664122,0.106382978723,0.996520248121,0.0394591611479,1.0
3.07969393687e-05,0.9,0.092008797654,0.0,0.0308641975309,0.675799961678,0.184346035015,0.561767407178,0.0,0.187022900763,0.287234042553,0.994503000656,0.168874172185,0.604444444444
5.21524812667e-05,0.55,0.0656158357771,0.0,0.0082304526749,0.554129143514,0.298661174047,0.561767407178,0.0,0.215648854962,0.287234042553,0.994503000656,0.1793598234,0.377777777778
0.000149825986053,0.8,0.0476539589443,0.0,0.0,0.511400651466,0.294541709578,0.723803981122,0.0,0.103053435115,0.595744680851,0.860557768924,0.309050772627,0.335555555556
0.000364055790566,0.525,0.178152492669,0.0,0.0411522633745,0.507376892125,0.292481977343,0.562667660886,0.217391304348,0.202290076336,0.425531914894,1.0,0.149282560706,0.404444444444
0.000444869657012,0.525,0.178152492669,0.0,0.0411522633745,0.527687296417,0.439752832132,0.562667660886,0.217391304348,0.202290076336,0.425531914894,1.0,0.161975717439,0.384444444444
0.000411937163454,0.525,0.178152492669,0.0,0.0411522633745,0.575589193332,0.205973223481,0.562667660886,0.217391304348,0.202290076336,0.425531914894,0.936507136013,0.2146799117,0.44
0.000322581080249,0.8,0.164589442815,0.0,0.0534979423868,0.63230503928,0.257466529351,0.362565814002,0.130434782609,0.110687022901,0.702127659574,1.0,0.0441501103753,0.522222222222
0.000815332110148,0.8,0.164589442815,0.0,0.0534979423868,0.687296416938,0.255406797116,0.362565814002,0.130434782609,0.110687022901,0.702127659574,1.0,0.0504966887417,0.717777777778
0.000335282007799,0.8,0.164589442815,0.0,0.0534979423868,0.58804368653,0.211122554068,0.362565814002,0.130434782609,0.110687022901,0.702127659574,1.0,0.0819536423841,0.508888888889
0.000857930796355,0.0,0.493401759531,0.0,0.106995884774,0.491665069937,0.159629248198,0.397666615137,0.130434782609,0.19465648855,0.36170212766,1.0,0.189017660044,0.42
0.000850512555485,0.0,0.493401759531,0.0,0.106995884774,0.469055374593,0.405767250257,0.397666615137,0.130434782609,0.19465648855,0.36170212766,1.0,0.239238410596,0.371111111111
0.00138249034392,0.0,0.493401759531,0.0,0.106995884774,0.597240850738,0.290422245108,0.43928743555,0.130434782609,0.19465648855,0.36170212766,1.0,0.12527593819,0.524444444444
0.000532764571561,0.0,0.493401759531,0.0,0.106995884774,0.572523471929,0.495365602472,0.43928743555,0.130434782609,0.19465648855,0.36170212766,0.989787684704,0.156181015453,0.491111111111
0.00151410792057,0.0,0.493401759531,0.0,0.106995884774,0.427093312895,0.56745623069,0.471987560131,0.130434782609,0.19465648855,0.36170212766,1.0,0.389348785872,0.34
0.000655727533858,0.7,0.0652492668622,0.0,0.0308641975309,0.533435524047,0.177136972194,0.60909892788,0.173913043478,0.326335877863,0.234042553191,0.927732109537,0.0894039735099,0.388888888889
0.00055400771587,0.7,0.0652492668622,0.0,0.0308641975309,0.666794405058,0.0731204943357,0.60909892788,0.173913043478,0.326335877863,0.234042553191,0.936154117706,0.0830573951435,0.533333333333
0.000425424874126,0.7,0.0652492668622,0.0,0.0308641975309,0.634221115156,0.458290422245,0.60909892788,0.173913043478,0.326335877863,0.234042553191,0.984769781633,0.119757174393,0.44
0.000326514995862,0.34,0.20637829912,0.0,0.0987654320988,0.580379383024,0.386199794027,0.396666333239,0.260869565217,0.270992366412,0.372340425532,0.997100206768,0.21440397351,0.377777777778
0.000970440782881,0.34,0.20637829912,0.0,0.0987654320988,0.562176662196,0.159629248198,0.396666333239,0.260869565217,0.270992366412,0.372340425532,0.966488476474,0.191501103753,0.475555555556
0.00105294061316,0.34,0.20637829912,0.0,0.0987654320988,0.655489557386,0.152420185376,0.396666333239,0.260869565217,0.270992366412,0.372340425532,0.98368551112,0.0863686534216,0.624444444444
0.000548837426779,0.33,0.0630498533724,0.0,0.179012345679,0.704157884652,0.393408856849,0.263019578245,0.260869565217,0.0667938931298,0.617021276596,0.99188057895,0.14348785872,0.691111111111
0.000544791113577,0.33,0.0630498533724,0.0,0.179012345679,0.585361180303,0.568486096807,0.203730142131,0.260869565217,0.0667938931298,0.617021276596,0.991073679964,0.198675496689,0.52
0.000772283833585,0.33,0.0630498533724,0.0,0.179012345679,0.739413680782,0.710607621009,0.179105020506,0.260869565217,0.0667938931298,0.617021276596,1.0,0.130794701987,0.631111111111
0.000483309632428,0.33,0.0630498533724,0.0,0.179012345679,0.630005748228,0.694129763131,0.186698069456,0.260869565217,0.0667938931298,0.617021276596,1.0,0.16004415011,0.515555555556
0.0054699410632,0.0,0.346041055718,0.0,0.327160493827,0.589001724468,0.819773429454,0.198956069438,0.130434782609,0.223282442748,0.617021276596,1.0,0.0775386313466,0.395555555556
0.00385613648125,0.0,0.346041055718,0.0,0.327160493827,0.461965893849,0.760041194645,0.179405105075,0.130434782609,0.223282442748,0.617021276596,0.998335770841,0.227373068433,0.34
0.0295511244929,0.0,0.346041055718,0.0,0.327160493827,0.270549913777,0.359423274974,0.126381071029,0.130434782609,0.223282442748,0.617021276596,0.882873569015,0.301048565121,0.246666666667
0.00881298255095,0.0,0.346041055718,0.0,0.327160493827,0.490707031998,0.513903192585,0.137375078431,0.130434782609,0.223282442748,0.617021276596,1.0,0.117273730684,0.38
0.00287029722868,0.0,0.346041055718,0.0,0.327160493827,0.47173788082,0.901132852729,0.154989133301,0.130434782609,0.223282442748,0.617021276596,0.998487064401,0.275662251656,0.32
0.00295673097457,0.0,0.346041055718,0.0,0.327160493827,0.518298524622,0.822863027806,0.193981940365,0.130434782609,0.223282442748,0.617021276596,0.991149326744,0.170253863135,0.368888888889
0.00407868370734,0.0,0.346041055718,0.0,0.327160493827,0.575972408507,0.86920700309,0.224854277114,0.130434782609,0.223282442748,0.617021276596,0.996948913208,0.208333333333,0.417777777778
0.00277891798887,0.0,0.346041055718,0.0,0.327160493827,0.410806667944,0.770339855819,0.256017604961,0.130434782609,0.223282442748,0.617021276596,0.998789651521,0.269591611479,0.248888888889
0.00350624278688,0.0,0.346041055718,0.0,0.327160493827,0.450852653765,0.826982492276,0.260891705844,0.130434782609,0.223282442748,0.617021276596,0.98436633214,0.458057395143,0.284444444444
0.0026851783997,0.0,0.346041055718,0.0,0.327160493827,0.425560452194,0.708547888774,0.263901645009,0.130434782609,0.223282442748,0.617021276596,1.0,0.39210816777,0.328888888889
0.00444757259423,0.0,0.346041055718,0.0,0.327160493827,0.54052500479,0.662203913491,0.2185070338,0.130434782609,0.223282442748,0.617021276596,0.995738564728,0.238134657837,0.402222222222
0.00527313288497,0.0,0.346041055718,0.0,0.327160493827,0.48898256371,0.575695159629,0.261191790414,0.130434782609,0.223282442748,0.617021276596,0.998310555247,0.30353200883,0.355555555556
0.00181274831437,0.0,0.25366568915,0.0,0.222222222222,0.548955738647,0.508753861998,0.310160136038,0.173913043478,0.190839694656,0.744680851064,1.0,0.150938189845,0.417777777778
0.0019699925413,0.0,0.25366568915,0.0,0.222222222222,0.539375359264,0.529351184346,0.310160136038,0.173913043478,0.190839694656,0.744680851064,1.0,0.141832229581,0.402222222222
0.00387569366172,0.0,0.25366568915,0.0,0.222222222222,0.475186817398,0.48403707518,0.326592039575,0.173913043478,0.190839694656,0.744680851064,1.0,0.164735099338,0.342222222222
0.00312015706889,0.0,0.25366568915,0.0,0.222222222222,0.411381490707,0.735324407827,0.326592039575,0.173913043478,0.190839694656,0.744680851064,0.985450602653,0.276214128035,0.3
0.00376273408484,0.0,0.25366568915,0.0,0.222222222222,0.546848055183,0.383110195675,0.326592039575,0.173913043478,0.190839694656,0.744680851064,1.0,0.121136865342,0.444444444444
0.00208542486513,0.0,0.25366568915,0.0,0.222222222222,0.549913776586,0.121524201854,0.389773481618,0.173913043478,0.190839694656,0.744680851064,0.99188057895,0.0924392935982,0.435555555556
0.00333989435526,0.0,0.25366568915,0.0,0.222222222222,0.527112473654,0.267765190525,0.389773481618,0.173913043478,0.190839694656,0.744680851064,1.0,0.121964679912,0.4
0.00263808380994,0.0,0.25366568915,0.0,0.222222222222,0.48323433608,0.420185375901,0.389773481618,0.173913043478,0.190839694656,0.744680851064,1.0,0.305187637969,0.382222222222
0.000672699569787,0.0,0.101906158358,0.0,0.154320987654,0.442038704733,0.235839340886,0.371468322891,0.130434782609,0.463740458015,0.457446808511,0.963538252055,0.227373068433,0.317777777778
0.000684726111803,0.0,0.101906158358,0.0,0.154320987654,0.531136232995,0.147270854789,0.371468322891,0.130434782609,0.463740458015,0.457446808511,0.945307378083,0.154801324503,0.391111111111
0.000439699367921,0.0,0.101906158358,0.0,0.154320987654,0.494922398927,0.3017507724,0.431394302031,0.130434782609,0.463740458015,0.457446808511,0.928564224116,0.203090507726,0.328888888889
0.000493537813022,0.35,0.205278592375,0.0,0.108847736626,0.410998275532,0.262615859938,0.501150324182,0.0,0.223282442748,0.457446808511,0.992737909123,0.295253863135,0.268888888889
0.000318534767047,0.35,0.205278592375,0.0,0.108847736626,0.473270741521,0.210092687951,0.501150324182,0.0,0.223282442748,0.457446808511,0.912627969136,0.168322295806,0.32
0.000500281668358,0.0,0.173387096774,0.0,0.267489711934,0.527878904005,0.362512873326,0.484572925097,0.173913043478,0.0706106870229,0.808510638298,0.981869988401,0.108995584989,0.382222222222
0.000349106911238,0.0,0.173387096774,0.0,0.267489711934,0.526729258479,0.366632337796,0.484572925097,0.173913043478,0.0706106870229,0.808510638298,0.981088305008,0.138520971302,0.348888888889
0.000374171573571,0.0,0.173387096774,0.0,0.267489711934,0.474420387047,0.3254376931,0.441551710027,0.173913043478,0.0706106870229,0.808510638298,1.0,0.173289183223,0.357777777778
0.000314151261078,0.0,0.173387096774,0.0,0.267489711934,0.44223031232,0.446961894954,0.372968745737,0.173913043478,0.0706106870229,0.808510638298,1.0,0.222682119205,0.322222222222
0.000270765791749,0.0,0.173387096774,0.0,0.267489711934,0.4472121096,0.583934088568,0.407878583965,0.173913043478,0.0706106870229,0.808510638298,0.994729940996,0.243653421634,0.3
0.000300551152817,0.0,0.173387096774,0.0,0.267489711934,0.478635753976,0.354273944387,0.334876192381,0.173913043478,0.0706106870229,0.808510638298,0.998083614907,0.187086092715,0.346666666667
0.000546814270178,0.0,0.173387096774,0.0,0.267489711934,0.464456792489,0.437693099897,0.334876192381,0.173913043478,0.0706106870229,0.808510638298,1.0,0.221026490066,0.311111111111
0.000620322293342,0.0,0.173387096774,0.0,0.267489711934,0.461199463499,0.572605561277,0.334876192381,0.173913043478,0.0706106870229,0.808510638298,1.0,0.208609271523,0.304444444444
7.51939869987e-05,0.35,0.0388563049853,0.0,0.117283950617,0.705115922591,0.477857878476,0.537269594158,0.0,0.185114503817,0.308510638298,0.994553431842,0.103752759382,0.615555555556
0.000209733900956,0.0,0.0524193548387,0.0,0.27366255144,0.570799003641,0.584963954686,0.467158926607,0.0,0.448473282443,0.351063829787,0.982500378234,0.190949227373,0.255555555556
0.000214791792458,0.55,0.121700879765,0.0,0.203703703704,0.600689787316,0.550978372812,0.418527039438,0.173913043478,0.349236641221,0.531914893617,1.0,0.150386313466,0.42
0.00027166497246,0.55,0.121700879765,0.0,0.203703703704,0.634795937919,0.259526261586,0.485209468123,0.173913043478,0.349236641221,0.531914893617,0.977482475163,0.0794701986755,0.582222222222
0.000278858418152,0.0,0.144061583578,0.0,0.117283950617,0.470013412531,0.469618949537,0.625994598478,0.0869565217391,0.314885496183,0.659574468085,0.971607241918,0.242825607064,0.277777777778
0.000621558666821,0.0,0.144061583578,0.0,0.117283950617,0.447786932363,0.508753861998,0.625994598478,0.0869565217391,0.314885496183,0.659574468085,0.91857884916,0.301876379691,0.271111111111
0.000139148215104,0.85,0.135263929619,0.0,0.0905349794239,0.566200421537,0.255406797116,0.673435240841,0.130434782609,0.312977099237,0.563829787234,0.988728629785,0.127759381898,0.402222222222
9.76735047861e-05,0.8,0.0568181818182,0.0,0.102880658436,0.589001724468,0.276004119464,0.656039429294,0.130434782609,0.177480916031,0.468085106383,0.98497150638,0.117549668874,0.433333333333
0.00025480533412,0.4,0.0289589442815,0.0,0.0905349794239,0.647250431117,0.3254376931,0.696787276414,0.0,0.282442748092,0.755319148936,0.982223006707,0.114790286976,0.48
0.000627066148679,0.4,0.0289589442815,0.0,0.0905349794239,0.561218624258,0.427394438723,0.696787276414,0.0,0.282442748092,0.755319148936,1.0,0.117273730684,0.397777777778
0.00082252555584,0.6,0.0450879765396,0.0,0.0534979423868,0.578271699559,0.339855818744,0.871218252417,0.130434782609,0.427480916031,0.606382978723,0.934136870241,0.103752759382,0.424444444444
0.00074317285805,0.6,0.0450879765396,0.0,0.0534979423868,0.445104426135,0.160659114315,0.871218252417,0.130434782609,0.427480916031,0.606382978723,0.988476473851,0.167218543046,0.302222222222
0.000121052203285,0.9,0.0571847507331,0.0,0.0514403292181,0.606821230121,0.341915550978,1.0,0.173913043478,0.0,0.468085106383,0.968631801906,0.0764348785872,0.557777777778
0.000412386753809,0.8,0.0531524926686,0.0,0.0576131687243,0.402759149262,0.195674562307,0.859887786558,0.130434782609,0.280534351145,1.0,0.964446013415,0.174392935982,0.293333333333
0.00112701062427,0.8,0.0531524926686,0.0,0.0576131687243,0.455068020694,0.170957775489,0.859887786558,0.130434782609,0.280534351145,1.0,0.947400272328,0.105960264901,0.346666666667
0.100895269275,0.0,0.646627565982,1.0,0.792181069959,0.507951714888,0.973223480947,0.090261801053,1.0,0.914122137405,0.808510638298,0.9516617076,0.437913907285,0.284444444444
0.0431986645368,0.0,0.646627565982,1.0,0.792181069959,0.54301590343,0.907312049434,0.125089798034,1.0,0.914122137405,0.808510638298,0.985980130112,0.318432671082,0.371111111111
0.0583956053442,0.0,0.646627565982,1.0,0.792181069959,0.491665069937,0.829042224511,0.144868099192,1.0,0.914122137405,0.808510638298,0.996293307782,0.269039735099,0.393333333333
0.047825061695,0.0,0.646627565982,0.0,0.792181069959,0.488790956122,0.807415036045,0.125444443434,1.0,0.914122137405,0.808510638298,0.984467194513,0.301876379691,0.391111111111
0.0509790504382,0.0,0.646627565982,0.0,0.792181069959,0.543590726193,0.876416065911,0.126271949368,1.0,0.914122137405,0.808510638298,0.943668364517,0.167218543046,0.444444444444
0.0430541212374,0.0,0.646627565982,0.0,0.792181069959,0.515424410807,0.908341915551,0.106020787677,1.0,0.914122137405,0.808510638298,0.883377880882,0.343818984547,0.331111111111
0.0412712706817,0.0,0.646627565982,0.0,0.792181069959,0.345085265377,0.960865087539,0.0885704152989,1.0,0.914122137405,0.808510638298,0.959377679157,0.233443708609,0.351111111111
0.0473876102789,0.0,0.646627565982,1.0,0.792181069959,0.429584211535,0.886714727085,0.0704834998954,1.0,0.914122137405,0.808510638298,0.889404407686,0.356236203091,0.262222222222
0.0389790342529,0.0,0.646627565982,1.0,0.685185185185,1.0,0.823892893924,0.0704834998954,1.0,0.914122137405,0.808510638298,0.893211962277,0.098233995585,0.375555555556
0.0511358450748,0.0,0.646627565982,0.0,0.685185185185,0.0,0.875386199794,0.0439760296083,1.0,0.914122137405,0.808510638298,0.893590196177,0.148730684327,0.5
0.0414817913658,0.0,0.646627565982,0.0,0.685185185185,0.2686338379,0.911431513903,0.0566250488774,1.0,0.914122137405,0.808510638298,0.796081496798,0.33857615894,0.375555555556
0.151915232436,0.0,0.646627565982,0.0,0.506172839506,0.0578654914735,1.0,0.034646127545,1.0,0.914122137405,0.808510638298,0.330576428463,0.320088300221,0.402222222222
0.054983776532,0.0,0.646627565982,0.0,0.506172839506,0.269975091014,1.0,0.0184506542753,1.0,0.914122137405,0.808510638298,0.946089061476,0.0422185430464,1.0
0.0636581728558,0.0,0.646627565982,1.0,0.506172839506,0.598198888676,0.967044284243,0.0206512744501,1.0,0.914122137405,0.808510638298,0.945609965202,0.0551876379691,1.0
0.0734230505875,0.0,0.646627565982,1.0,0.506172839506,0.662004215367,0.974253347065,0.00662004746792,1.0,0.914122137405,0.808510638298,0.987770437238,0.033940397351,1.0
0.103697790758,0.0,0.646627565982,0.0,0.506172839506,0.508718145239,1.0,0.00359192135966,1.0,0.914122137405,0.808510638298,0.922462050532,0.215231788079,1.0
0.0928508614376,0.0,0.646627565982,1.0,0.582304526749,0.443379957846,0.89289392379,0.0,1.0,0.914122137405,0.808510638298,0.876393161531,0.19729580574,1.0
0.124781330491,0.0,0.646627565982,0.0,0.582304526749,0.257712205403,1.0,0.00405568842128,1.0,0.914122137405,0.808510638298,1.0,0.911699779249,0.195555555556
0.207844272691,0.0,0.646627565982,0.0,0.582304526749,0.11055757808,1.0,0.000672916912948,1.0,0.914122137405,0.808510638298,1.0,1.0,0.195555555556
0.220330520846,0.0,0.646627565982,0.0,0.588477366255,0.718911668902,0.978372811535,0.0169775118442,1.0,0.914122137405,0.808510638298,1.0,0.323123620309,0.222222222222
0.17176239869,0.0,0.646627565982,0.0,0.588477366255,0.591684230696,0.930998970134,0.0195782447781,1.0,0.914122137405,0.808510638298,0.914569569822,0.593543046358,0.197777777778
0.110342623818,0.0,0.646627565982,0.0,0.588477366255,0.619467330906,0.987641606591,0.0207694895834,1.0,0.914122137405,0.808510638298,1.0,0.538355408389,0.184444444444
0.265729030993,0.0,0.646627565982,0.0,0.588477366255,0.540141789615,0.960865087539,0.0233247551583,1.0,0.914122137405,0.808510638298,1.0,0.605960264901,0.18
0.20074636495,0.0,0.646627565982,0.0,0.588477366255,0.510059398352,1.0,0.0233247551583,1.0,0.914122137405,0.808510638298,0.99203187251,0.55325607064,0.115555555556
1.0,0.0,0.646627565982,0.0,0.588477366255,0.652807051159,0.91658084449,0.0260891705844,1.0,0.914122137405,0.808510638298,1.0,0.427152317881,0.12
0.178353393306,0.0,0.646627565982,0.0,0.588477366255,0.571757041579,0.990731204943,0.0354281661195,1.0,0.914122137405,0.808510638298,1.0,0.533940397351,0.131111111111
0.103188854475,0.0,0.646627565982,0.0,0.648148148148,0.378424985629,1.0,0.0409933708591,1.0,0.914122137405,0.808510638298,1.0,0.603476821192,0.14
0.0897625128864,0.0,0.646627565982,0.0,0.648148148148,0.375359264227,1.0,0.0366921586993,1.0,0.914122137405,0.808510638298,1.0,0.629966887417,0.162222222222
0.225678398128,0.0,0.646627565982,0.0,0.648148148148,0.154627323242,0.909371781668,0.0281806690977,1.0,0.914122137405,0.808510638298,0.719930404962,0.797461368653,0.0844444444444
0.188889543293,0.0,0.646627565982,0.0,0.648148148148,0.328798620425,0.980432543769,0.0269621438769,1.0,0.914122137405,0.808510638298,1.0,0.802428256071,0.0488888888889
0.274109395225,0.0,0.646627565982,0.0,0.648148148148,0.209043878138,1.0,0.0306995607853,1.0,0.914122137405,0.808510638298,1.0,0.73261589404,0.122222222222
0.25391492042,0.0,0.646627565982,0.0,0.648148148148,0.275723318643,0.891864057673,0.0353554183452,1.0,0.914122137405,0.808510638298,1.0,0.834988962472,0.0533333333333
0.161036296778,0.0,0.646627565982,0.0,0.648148148148,0.252730408124,1.0,0.0418208767926,1.0,0.914122137405,0.808510638298,0.939533007212,0.797185430464,0.115555555556
0.0915525568878,0.0,0.646627565982,0.0,0.648148148148,0.350450277831,0.988671472709,0.0544244287026,1.0,0.914122137405,0.808510638298,1.0,0.527593818985,0.144444444444
0.0781818521055,0.0,0.646627565982,0.0,0.648148148148,0.412339528645,0.969104016478,0.0724658767471,1.0,0.914122137405,0.808510638298,0.993771748449,0.424392935982,0.224444444444
0.059421570536,0.0,0.646627565982,0.0,0.648148148148,0.477102893275,0.819773429454,0.0944084241923,1.0,0.914122137405,0.808510638298,0.953300721166,0.469922737307,0.404444444444
0.130061769219,0.0,0.646627565982,0.0,0.648148148148,0.282621191799,0.969104016478,0.0582345933854,1.0,0.914122137405,0.808510638298,1.0,0.66087196468,0.104444444444
0.0970939828176,0.0,0.646627565982,0.0,0.633744855967,0.504311170722,0.923789907312,0.0601624094063,1.0,0.914122137405,0.808510638298,1.0,0.370860927152,0.195555555556
0.150089895592,0.0,0.646627565982,0.0,0.633744855967,0.445679248898,0.945417095778,0.0593349034728,1.0,0.914122137405,0.808510638298,1.0,0.403421633554,0.171111111111
0.0979031330603,0.0,0.646627565982,0.0,0.633744855967,0.557578080092,0.987641606591,0.0542061853795,1.0,0.914122137405,0.808510638298,0.987593928085,0.424668874172,0.18
0.0659293909354,0.0,0.646627565982,0.0,0.633744855967,0.544931979306,0.958805355304,0.049759477671,1.0,0.914122137405,0.808510638298,1.0,0.486754966887,0.166666666667
0.0861606197513,0.0,0.646627565982,0.0,0.633744855967,0.418854186626,0.988671472709,0.0458129109113,1.0,0.914122137405,0.808510638298,0.990418074537,0.501931567329,0.0777777777778
0.430993949863,0.0,0.646627565982,0.0,0.633744855967,0.362521555854,1.0,0.0327364984678,1.0,0.914122137405,0.808510638298,1.0,0.796357615894,0.0
0.111388595781,0.0,0.646627565982,0.0,0.633744855967,0.43897298333,0.771369721936,0.0337185934218,1.0,0.914122137405,0.808510638298,0.851883604821,0.779249448124,0.0288888888889
0.281441089951,0.0,0.646627565982,0.0,0.633744855967,0.464840007664,1.0,0.04175722249,1.0,0.914122137405,0.808510638298,1.0,0.690949227373,0.0133333333333
0.159940420286,0.0,0.646627565982,0.0,0.633744855967,0.533052308871,1.0,0.0404204821359,1.0,0.914122137405,0.808510638298,1.0,0.512969094923,0.0488888888889
0.107782431538,0.0,0.646627565982,0.0,0.633744855967,0.544740371719,1.0,0.0463221453319,1.0,0.914122137405,0.808510638298,0.947576781482,0.512693156733,0.157777777778
0.278694092877,0.0,0.646627565982,0.0,0.633744855967,0.342594366737,0.958805355304,0.0521237803381,1.0,0.914122137405,0.808510638298,1.0,0.497792494481,0.0733333333333
0.466707159771,0.0,0.646627565982,0.0,0.633744855967,0.377466947691,0.849639546859,0.0434486082441,1.0,0.914122137405,0.808510638298,0.82994603863,0.707781456954,0.0777777777778
0.76334238059,0.0,0.646627565982,0.0,0.633744855967,0.406591301016,1.0,0.0268984895743,1.0,0.914122137405,0.808510638298,0.969917797166,0.586368653422,0.0
0.232774057917,0.0,0.646627565982,0.0,0.56378600823,0.11055757808,1.0,0.00441033382135,1.0,0.914122137405,0.808510638298,0.932724797014,0.596302428256,0.153333333333
0.134256447238,0.0,0.646627565982,0.0,0.56378600823,0.392220731941,1.0,0.0141494421155,1.0,0.914122137405,0.808510638298,0.836577739674,0.286975717439,0.508888888889
0.0831469031992,0.0,0.646627565982,0.0,0.43621399177,0.39394520023,0.978372811535,0.0295628768107,1.0,0.914122137405,0.808510638298,0.792576529326,0.680739514349,0.271111111111
0.162211975558,0.0,0.646627565982,0.0,0.43621399177,0.630580570991,1.0,0.0305449717648,1.0,0.914122137405,0.808510638298,0.451459982853,0.498068432671,0.5
0.574683027559,0.0,0.646627565982,0.0,0.43621399177,0.420770262502,1.0,0.0257708990716,1.0,0.914122137405,0.808510638298,0.00574915527762,0.231236203091,0.222222222222
0.157855445011,0.0,0.646627565982,0.0,0.43621399177,0.593217091397,1.0,0.0361829242787,1.0,0.914122137405,0.808510638298,0.0875737556105,0.537803532009,0.271111111111
0.211360069273,0.0,0.646627565982,0.0,0.43621399177,0.204445296034,1.0,0.038583600833,1.0,0.914122137405,0.808510638298,0.0717887941903,0.900662251656,0.286666666667
0.322013247629,0.0,0.646627565982,0.0,0.43621399177,0.305422494731,1.0,0.0418117833208,1.0,0.914122137405,0.808510638298,0.531166473347,0.506346578366,0.251111111111
0.51410409905,0.0,0.646627565982,0.0,0.633744855967,0.183560068979,1.0,0.0480680919168,1.0,0.914122137405,0.808510638298,0.221771143275,0.972682119205,0.0444444444444
0.203195508413,0.0,0.646627565982,0.0,0.604938271605,0.550488599349,1.0,0.0641180696378,1.0,0.914122137405,0.808510638298,0.0679055928186,0.753863134658,0.0488888888889
0.12170276053,0.0,0.646627565982,0.0,0.604938271605,0.617168039854,0.905252317199,0.0627358619247,1.0,0.914122137405,0.808510638298,0.0535831358112,0.663907284768,0.0555555555556
0.291495054281,0.0,0.646627565982,0.0,0.604938271605,0.333972025292,0.887744593203,0.0470950904346,1.0,0.914122137405,0.808510638298,0.320338897574,0.687362030905,0.12
0.826434519188,0.0,0.646627565982,0.0,0.604938271605,0.459091780034,1.0,0.0611990651911,1.0,0.914122137405,0.808510638298,0.0406727520299,0.521247240618,0.0844444444444
0.132696368704,0.0,0.646627565982,0.0,0.685185185185,0.625215558536,0.75798146241,0.0604170266166,1.0,0.914122137405,0.808510638298,0.121362650663,0.579746136865,0.0755555555556
0.124548667482,0.0,0.646627565982,0.0,0.685185185185,0.546081624832,1.0,0.0663186898126,1.0,0.914122137405,0.808510638298,0.802940138181,0.366721854305,0.26
0.078861183133,0.0,0.646627565982,0.0,0.685185185185,0.46848055183,0.951596292482,0.0677463648846,1.0,0.914122137405,0.808510638298,0.80604165616,0.385485651214,0.204444444444
0.135347827827,0.0,0.646627565982,0.0,0.471193415638,0.399885035447,0.872296601442,0.0747119642808,1.0,0.914122137405,0.808510638298,0.734353724343,0.341335540839,0.351111111111
0.079173985623,0.0,0.646627565982,0.0,0.471193415638,0.487066487833,0.846549948507,0.0811319553692,1.0,0.914122137405,0.808510638298,0.00554743053104,0.594922737307,0.186666666667
0.0987502736881,0.0,0.646627565982,0.0,0.409465020576,0.383981605672,0.697219361483,0.0849239331084,1.0,0.914122137405,0.808510638298,0.00839679257653,0.425772626932,0.148888888889
0.178194912705,0.0,0.646627565982,0.0,0.604938271605,0.447403717187,0.952626158599,0.0709290800135,1.0,0.914122137405,0.808510638298,0.0185586766857,0.62527593819,0.0733333333333
0.137584539847,0.0,0.646627565982,0.0,0.409465020576,0.436098869515,0.584963954686,0.0789313351945,1.0,0.914122137405,0.808510638298,0.0613495385546,0.385209713024,0.115555555556
0.423239640202,0.0,0.646627565982,0.0,0.604938271605,0.506035639011,0.780638516993,0.0666824286844,1.0,0.914122137405,0.808510638298,0.0466488476474,0.352924944812,0.131111111111
0.082733504867,0.0,0.646627565982,0.0,0.604938271605,0.504311170722,0.774459320288,0.0732933826806,1.0,0.914122137405,0.808510638298,0.243103535226,0.546081677704,0.133333333333
0.104895836658,0.0,0.646627565982,0.0,0.604938271605,0.540141789615,0.954685890834,0.0762578544863,1.0,0.914122137405,0.808510638298,0.15230218367,0.616721854305,0.1
0.0953784584176,0.0,0.646627565982,0.0,0.409465020576,0.53401034681,0.856848609681,0.0839418381544,1.0,0.914122137405,0.808510638298,0.209617227293,0.439017660044,0.211111111111
0.11302679064,0.0,0.646627565982,0.0,0.409465020576,0.626940026825,0.941297631308,0.0871700206422,1.0,0.914122137405,0.808510638298,0.204271521509,0.495584988962,0.202222222222
0.0723585330226,0.0,0.646627565982,0.0,0.409465020576,0.54876413106,0.740473738414,0.097372895998,1.0,0.914122137405,0.808510638298,0.246179837612,0.284216335541,0.246666666667
0.0626588458926,0.0,0.646627565982,0.0,0.674897119342,0.550871814524,0.875386199794,0.107866762451,1.0,0.914122137405,0.808510638298,0.251828130516,0.399834437086,0.206666666667
0.156312226115,0.0,0.646627565982,0.0,0.674897119342,0.507185284537,0.94850669413,0.0993552728496,1.0,0.914122137405,0.808510638298,0.252937616622,0.370860927152,0.148888888889
0.125369169881,0.0,0.646627565982,0.0,0.730452674897,0.587852078942,0.94438722966,0.0904891378479,1.0,0.914122137405,0.808510638298,0.276186393666,0.594370860927,0.186666666667
0.162015279778,0.0,0.646627565982,0.0,0.730452674897,0.555662004215,0.930998970134,0.0793860087843,1.0,0.914122137405,0.808510638298,0.0685107670583,0.450331125828,0.102222222222
0.170517033405,0.0,0.646627565982,0.0,0.730452674897,0.496455259628,1.0,0.0713473797161,1.0,0.914122137405,0.808510638298,0.0226940339906,0.682119205298,0.0822222222222
0.153667510847,0.0,0.646627565982,0.0,0.730452674897,0.454876413106,0.875386199794,0.0628358901145,1.0,0.914122137405,0.808510638298,0.173054616975,0.891004415011,0.0755555555556
0.105477381784,0.0,0.646627565982,0.0,0.730452674897,0.395861276107,0.937178166838,0.0625267120734,1.0,0.914122137405,0.808510638298,1.0,0.583609271523,0.173333333333
0.247778012064,0.0,0.646627565982,0.0,0.730452674897,0.43245832535,0.921730175077,0.0669825132537,1.0,0.914122137405,0.808510638298,0.986257501639,0.562362030905,0.122222222222
0.109226403363,0.0,0.646627565982,0.0,0.730452674897,0.545123586894,0.971163748713,0.0850694286572,1.0,0.914122137405,0.808510638298,0.972414140905,0.490894039735,0.268888888889
0.0636175973262,0.0,0.646627565982,0.0,0.730452674897,0.509292968002,1.0,0.0795860651638,1.0,0.914122137405,0.808510638298,0.996948913208,0.41004415011,0.297777777778
0.111950471328,0.0,0.646627565982,0.0,0.730452674897,0.560260586319,1.0,0.0771853886095,1.0,0.914122137405,0.808510638298,0.974355741591,0.472406181015,0.231111111111
0.143823730008,0.0,0.646627565982,0.0,0.730452674897,0.439356198505,0.964984552008,0.0696559939619,1.0,0.914122137405,0.808510638298,0.605678551616,0.608719646799,0.128888888889
0.119877423685,0.0,0.646627565982,0.0,0.730452674897,0.55527878904,0.946446961895,0.0780492684302,1.0,0.914122137405,0.808510638298,0.107771445862,0.613962472406,0.151111111111
0.0706053554304,0.0,0.646627565982,0.0,0.730452674897,0.532669093696,0.962924819773,0.0856968782111,1.0,0.914122137405,0.808510638298,0.801074184276,0.443156732892,0.22
0.11148188578,0.0,0.646627565982,0.0,0.730452674897,0.515424410807,0.964984552008,0.0971546526748,1.0,0.914122137405,0.808510638298,0.978869332795,0.405905077263,0.168888888889
0.104785687021,0.0,0.646627565982,0.0,0.674897119342,0.502778310021,0.986611740474,0.102938100737,1.0,0.914122137405,0.808510638298,1.0,0.452538631347,0.202222222222
0.0845195025552,0.0,0.646627565982,0.0,0.674897119342,0.547231270358,0.982492276004,0.0959725013413,1.0,0.914122137405,0.808510638298,0.76627666549,0.485099337748,0.177777777778
0.0754345178391,0.0,0.646627565982,0.0,0.674897119342,0.610844989462,0.923789907312,0.108576053251,1.0,0.914122137405,0.808510638298,0.0,0.433498896247,0.186666666667
0.0610860664306,0.0,0.646627565982,0.0,0.674897119342,0.592833876221,0.981462409887,0.111449590339,1.0,0.914122137405,0.808510638298,0.895077916183,0.441501103753,0.226666666667
0.0571412482517,0.0,0.646627565982,0.0,0.674897119342,0.524238359839,0.915550978373,0.112631741673,1.0,0.914122137405,0.808510638298,0.970220384286,0.42880794702,0.246666666667
0.0926355076572,0.0,0.646627565982,0.0,0.674897119342,0.734240275915,0.992790937178,0.120315725341,1.0,0.914122137405,0.808510638298,0.946971607242,0.414183222958,0.284444444444
0.106859872128,0.0,0.646627565982,0.0,0.674897119342,0.606821230121,0.939237899073,0.124262292101,1.0,0.914122137405,0.808510638298,0.0160371173534,0.468543046358,0.22
0.0533444576974,0.0,0.646627565982,0.0,0.674897119342,0.567924889826,0.86096807415,0.118778928607,1.0,0.914122137405,0.808510638298,0.127590902214,0.452538631347,0.202222222222
0.0524054882394,0.0,0.646627565982,0.0,0.674897119342,0.4627323242,0.875386199794,0.131946275769,1.0,0.914122137405,0.808510638298,0.0256190428161,0.476821192053,0.171111111111
0.0921015067122,0.0,0.646627565982,0.0,0.674897119342,0.455068020694,0.797116374871,0.150005910757,1.0,0.914122137405,0.808510638298,0.00801855867669,0.419701986755,0.188888888889
0.0870621608122,0.0,0.646627565982,0.0,0.674897119342,0.52500479019,0.832131822863,0.150360556157,1.0,0.914122137405,0.808510638298,0.685586766857,0.400110375276,0.22
0.0763724757187,0.0,0.646627565982,0.0,0.674897119342,0.482851120904,0.839340885685,0.144395238658,1.0,0.914122137405,0.808510638298,1.0,0.35789183223,0.333333333333
0.0540161456889,0.0,0.646627565982,0.0,0.674897119342,0.601647825254,0.89701338826,0.133483072502,1.0,0.914122137405,0.808510638298,0.642770689394,0.405353200883,0.253333333333
0.0414386306916,0.0,0.646627565982,0.0,0.674897119342,0.539375359264,0.880535530381,0.130718657076,1.0,0.914122137405,0.808510638298,0.986207070452,0.35651214128,0.282222222222
0.0747286609805,0.0,0.646627565982,0.0,0.674897119342,0.528070511592,0.824922760041,0.145932035392,1.0,0.914122137405,0.808510638298,1.0,0.338300220751,0.322222222222
0.0653572872078,0.0,0.646627565982,0.0,0.674897119342,0.565625598774,0.895983522142,0.152042848439,1.0,0.914122137405,0.808510638298,0.992233597257,0.236203090508,0.337777777778
0.0880410314142,0.0,0.646627565982,0.0,0.555555555556,0.507376892125,0.643666323378,0.166756085806,1.0,0.914122137405,0.808510638298,1.0,0.317052980132,0.364444444444
0.0354870659599,0.0,0.646627565982,0.0,0.555555555556,0.421153477678,0.466529351184,0.176131455228,1.0,0.914122137405,0.808510638298,0.842402541732,0.342163355408,0.331111111111
0.0423588297523,0.0,0.646627565982,0.0,0.555555555556,0.458133742096,0.842430484037,0.158399185225,1.0,0.914122137405,0.808510638298,0.0546926219174,0.425496688742,0.311111111111
0.0496343256842,0.0,0.646627565982,0.0,0.409465020576,0.467905729067,0.943357363543,0.128281606635,1.0,0.914122137405,0.808510638298,0.834560492208,0.540562913907,0.313333333333
0.174996077324,0.0,0.646627565982,0.0,0.401234567901,0.453151944817,0.701338825953,0.161754676318,1.0,0.914122137405,0.808510638298,0.928992889203,0.452538631347,0.313333333333
0.146889936235,0.0,0.646627565982,0.0,0.401234567901,0.412339528645,0.554067971164,0.154052505706,1.0,0.914122137405,0.808510638298,1.0,0.359547461369,0.335555555556
0.0488083158031,0.0,0.646627565982,0.0,0.401234567901,0.499329373443,0.835221421215,0.173121516064,1.0,0.914122137405,0.808510638298,1.0,0.401766004415,0.331111111111
0.0453197194376,0.0,0.646627565982,0.0,0.302469135802,0.511209043878,0.904222451081,0.179114113978,1.0,0.914122137405,0.808510638298,0.996041151848,0.307395143488,0.324444444444
0.0400400674925,0.0,0.646627565982,0.0,0.401234567901,0.551063422112,0.742533470649,0.160672553174,1.0,0.914122137405,0.808510638298,0.991098895557,0.348509933775,0.404444444444
0.0521588879293,0.0,0.646627565982,0.0,0.471193415638,0.655106342211,0.666323377961,0.127608689722,1.0,0.914122137405,0.808510638298,0.943970951636,0.274006622517,0.551111111111
0.0904741020219,0.0,0.646627565982,0.0,0.409465020576,0.357539758574,0.952626158599,0.118233320299,1.0,0.914122137405,0.808510638298,0.888244490393,0.452814569536,0.195555555556
0.0717860921022,0.0,0.646627565982,0.0,0.409465020576,0.498371335505,0.973223480947,0.0978821304186,1.0,0.914122137405,0.808510638298,0.762620404458,0.617273730684,0.184444444444
0.0546824385961,0.0,0.646627565982,0.0,0.471193415638,0.560068978732,0.934088568486,0.106911947913,1.0,0.914122137405,0.808510638298,0.998260124061,0.467715231788,0.26
0.168788358487,0.0,0.646627565982,0.0,0.471193415638,0.333972025292,0.97219361483,0.0883067046168,1.0,0.914122137405,0.808510638298,0.880427656463,0.639624724062,0.155555555556
0.114945417483,0.0,0.646627565982,0.0,0.471193415638,0.502778310021,0.966014418126,0.0946539479308,1.0,0.914122137405,0.808510638298,0.956629179485,0.449779249448,0.213333333333
0.161036296778,0.0,0.646627565982,0.0,0.471193415638,0.511209043878,0.876416065911,0.0747119642808,1.0,0.914122137405,0.808510638298,0.965757224267,0.314017660044,0.364444444444
0.0653894329182,0.0,0.646627565982,0.0,0.302469135802,0.513699942518,0.636457260556,0.208658803845,1.0,0.914122137405,0.808510638298,1.0,0.248620309051,0.4
0.0640875316455,0.0,0.646627565982,0.0,0.302469135802,0.611036597049,0.741503604531,0.200247342433,1.0,0.914122137405,0.808510638298,0.990342427757,0.165838852097,0.415555555556
0.0643458213049,0.0,0.646627565982,0.0,0.302469135802,0.670626556812,0.763130792997,0.20742209168,1.0,0.914122137405,0.808510638298,0.995915073882,0.145695364238,0.444444444444
0.0316068763946,0.0,0.646627565982,0.0,0.302469135802,0.421728300441,0.385169927909,0.269957897226,1.0,0.914122137405,0.808510638298,0.989964193857,0.239790286976,0.373333333333
0.0266635180355,0.0,0.646627565982,0.0,0.407407407407,0.442613527496,0.401647785788,0.235921032291,1.0,0.914122137405,0.808510638298,0.934010792274,0.320364238411,0.346666666667
0.0412201297788,0.0,0.646627565982,0.0,0.407407407407,0.527112473654,0.504634397528,0.26026425629,1.0,0.914122137405,0.808510638298,0.979121488729,0.244205298013,0.36
0.0639028624069,0.0,0.646627565982,0.0,0.407407407407,0.489174171297,0.791967044284,0.219725559021,1.0,0.914122137405,0.808510638298,0.989359019618,0.365618101545,0.313333333333
0.0542807296132,0.0,0.646627565982,0.0,0.407407407407,0.449128185476,0.518022657055,0.18393365403,1.0,0.914122137405,0.808510638298,0.978112864996,0.26821192053,0.346666666667
0.00162459475049,0.0,1.0,0.0,0.460905349794,0.362713163441,0.924819773429,0.0628631705299,0.130434782609,1.0,0.797872340426,0.995435977609,0.450607064018,0.226666666667
0.00198999931213,0.0,1.0,0.0,0.460905349794,0.355048859935,0.982492276004,0.0569069465031,0.130434782609,1.0,0.797872340426,0.866735589288,0.613686534216,0.0444444444444
0.00226076510388,0.0,1.0,0.0,0.460905349794,0.293542824296,0.979402677652,0.0630177595504,0.130434782609,1.0,0.797872340426,0.802133239195,0.771247240618,0.0688888888889
0.00111745682921,0.0,1.0,0.0,0.460905349794,0.464073577314,0.987641606591,0.0671552892179,0.130434782609,1.0,0.797872340426,0.982878612134,0.450883002208,0.191111111111
0.00118017468384,0.0,1.0,0.0,0.460905349794,0.464073577314,0.830072090628,0.089143304022,0.130434782609,1.0,0.797872340426,1.0,0.3206401766,0.335555555556
0.00187692733766,0.0,0.338343108504,0.0,0.411522633745,0.411189883119,0.526261585994,0.113859360365,0.217391304348,0.389312977099,0.702127659574,1.0,0.283664459161,0.373333333333
0.0030712641177,0.0,0.338343108504,0.0,0.411522633745,0.453151944817,0.40885684861,0.113859360365,0.217391304348,0.389312977099,0.702127659574,1.0,0.327262693157,0.433333333333
0.00194076916817,0.0,0.338343108504,0.0,0.411522633745,0.404100402376,0.266735324408,0.151770044285,0.217391304348,0.389312977099,0.702127659574,0.99089717081,0.437913907285,0.402222222222
0.0031839988994,0.0,0.338343108504,0.0,0.411522633745,0.350450277831,0.720906282183,0.151770044285,0.217391304348,0.389312977099,0.702127659574,1.0,0.53559602649,0.326666666667
0.00294549121568,0.0,0.338343108504,0.0,0.411522633745,0.427859743246,0.697219361483,0.160327001246,0.217391304348,0.389312977099,0.702127659574,1.0,0.341335540839,0.295555555556
0.00261661587045,0.0,0.338343108504,0.0,0.411522633745,0.470971450469,0.642636457261,0.116350971637,0.217391304348,0.389312977099,0.702127659574,1.0,0.308774834437,0.36
0.00192773104786,0.0,0.338343108504,0.0,0.411522633745,0.384748036022,0.727085478888,0.115514372232,0.217391304348,0.389312977099,0.702127659574,0.997150637955,0.368929359823,0.277777777778
0.00245094182436,0.0,0.338343108504,0.0,0.411522633745,0.472504311171,0.790937178167,0.124453255008,0.217391304348,0.389312977099,0.702127659574,1.0,0.347682119205,0.262222222222
0.000632910823303,0.0,0.420454545455,0.0,0.38683127572,0.580954205787,0.681771369722,0.122670934536,0.0,0.164122137405,0.893617021277,0.987619143678,0.219094922737,0.386666666667
0.000437788608909,0.0,0.420454545455,0.0,0.38683127572,0.490323816823,0.760041194645,0.105293309933,0.0,0.164122137405,0.893617021277,1.0,0.202814569536,0.346666666667
0.000611892474172,0.0,0.420454545455,0.0,0.38683127572,0.654339911861,0.907312049434,0.0943811437769,0.0,0.164122137405,0.893617021277,1.0,0.10789183223,0.42
0.00116072990095,0.0,0.420454545455,0.0,0.38683127572,0.619467330906,0.889804325438,0.114514090335,0.0,0.164122137405,0.893617021277,0.991300620304,0.131070640177,0.377777777778
0.000461841692941,0.0,0.420454545455,0.0,0.38683127572,0.473079133934,0.802265705458,0.12507161109,0.0,0.164122137405,0.893617021277,1.0,0.169701986755,0.153333333333
